Artist ID,Artist name,Region,Track ID,Track name,Release date,Genre,Popularity,Explicit,Duration,Acousticness,Danceability,Energy,Instrumentalness,Key,Liveness,Loudness,Mode,Speechiness,Tempo,Valence
0MK8l3nURwwQIjafvXoJJt,ASIAN KUNG-FU GENERATION,Japan,5ORPYXJKlpHWIdceavSGrL,遥か彼方,2012-01,j-rock,64.0,False,243346,2.39e-05,0.308,0.955,0.113,E,0.166,-3.763,Major,0.111,174.991,0.237
0MK8l3nURwwQIjafvXoJJt,ASIAN KUNG-FU GENERATION,Japan,0WaaPFt4Qy8sVfxKz43bCD,Re:Re:,2004-10,j-rock,59.0,False,228760,0.000318,0.537,0.864,0.123,E,0.108,-5.049,Major,0.0369,153.035,0.727
0MK8l3nURwwQIjafvXoJJt,ASIAN KUNG-FU GENERATION,Japan,052C0m9kD30nZqcPWPPRqm,Haruka Kanata,2012-01,j-rock,59.0,False,243347,2.46e-05,0.316,0.951,0.189,C#,0.17,-3.757,Minor,0.112,174.895,0.255
0MK8l3nURwwQIjafvXoJJt,ASIAN KUNG-FU GENERATION,Japan,2sFBiCSUNc3ptKrCR8JABx,ブラッドサーキュレーター,2018-03,j-rock,57.0,False,222826,0.0493,0.372,0.975,0.0,C,0.331,-2.856,Major,0.126,181.017,0.3
0MK8l3nURwwQIjafvXoJJt,ASIAN KUNG-FU GENERATION,Japan,6XsJTpZwPKMcG8QK8k14Z6,アフターダーク,2008-03,j-rock,57.0,False,192026,0.00193,0.387,0.95,0.0,C#,0.0689,-3.747,Major,0.0475,191.006,0.541
0MK8l3nURwwQIjafvXoJJt,ASIAN KUNG-FU GENERATION,Japan,3rxLb8cYhEnv3ZEoluDdpA,Re:Re: (Single ver.),2016-03,j-rock,55.0,False,332240,0.000249,0.464,0.868,0.00042,F#,0.248,-5.051,Minor,0.0502,155.008,0.512
0MK8l3nURwwQIjafvXoJJt,ASIAN KUNG-FU GENERATION,Japan,3xQBvKxm8mdy9OBLiJDcwB,Blood Circulator,2018-03,j-rock,52.0,False,222827,0.0494,0.384,0.975,0.0,C,0.331,-2.854,Major,0.123,180.97,0.298
0MK8l3nURwwQIjafvXoJJt,ASIAN KUNG-FU GENERATION,Japan,7gehOKSGfZgjIJSxiyE8oD,Re: Re:,2016-03,j-rock,50.0,False,332240,0.000254,0.464,0.869,0.000403,F#,0.248,-5.05,Minor,0.0502,155.009,0.506
0MK8l3nURwwQIjafvXoJJt,ASIAN KUNG-FU GENERATION,Japan,1VKr8751CzE7DB4AuEmS3V,After Dark,2008-03,j-rock,49.0,False,192027,0.0023,0.392,0.948,0.0,C#,0.0653,-3.707,Major,0.0456,190.937,0.593
0MK8l3nURwwQIjafvXoJJt,ASIAN KUNG-FU GENERATION,Japan,08oH4bSxeZ5KxZOGjJkwRK,Dororo,2019-05,j-rock,49.0,False,161453,0.000364,0.583,0.746,0.000977,B,0.0739,-5.557,Minor,0.0336,92.542,0.513
0MK8l3nURwwQIjafvXoJJt,ASIAN KUNG-FU GENERATION,Japan,4eSSRTR5guMgoLaB4YmFwi,Re:Re: - 2016 Rerecorded,2016-12,j-rock,47.0,False,326960,2.3e-05,0.449,0.904,0.212,F#,0.14,-5.264,Minor,0.0395,155.047,0.738
0MK8l3nURwwQIjafvXoJJt,ASIAN KUNG-FU GENERATION,Japan,3rb5K4Cw0GsLsgjcSYAP9K,Rewrite,2004-10,j-rock,47.0,False,225493,0.000172,0.499,0.935,0.17,E,0.0487,-4.293,Major,0.0434,89.495,0.557
0MK8l3nURwwQIjafvXoJJt,ASIAN KUNG-FU GENERATION,Japan,28MKy2umF5roXSqmUQ9eB7,Re:Re:,2004-10,j-rock,45.0,False,228760,0.00032,0.541,0.853,0.144,E,0.107,-5.081,Major,0.0357,152.913,0.787
0MK8l3nURwwQIjafvXoJJt,ASIAN KUNG-FU GENERATION,Japan,00sHjhTQCLaGUw0OJvmpVB,Rewrite - 2016 Rerecorded,2016-12,j-rock,45.0,False,279853,0.000171,0.518,0.932,0.0105,E,0.22,-4.628,Major,0.0346,89.488,0.583
0MK8l3nURwwQIjafvXoJJt,ASIAN KUNG-FU GENERATION,Japan,18tdT5x5BBvdyUX16xnL55,"Well Then, See You Again Tomorrow",2018-03,j-rock,41.0,False,243920,0.00898,0.384,0.775,1.43e-05,C,0.0694,-4.09,Minor,0.042,175.148,0.69
0bAsR2unSRpn6BQPEnNlZm,Aimer,Japan,7v8wKvNQQIxkugCFFjrkaO,残響散歌,2021-12,anime,77.0,False,184893,0.000627,0.367,0.896,0.0,B,0.207,-4.002,Major,0.091,170.863,0.38
0bAsR2unSRpn6BQPEnNlZm,Aimer,Japan,2HovXsvcdJur52BOcYGydz,カタオモイ,2016-09,anime,67.0,False,207360,0.78,0.621,0.533,0.0,C#,0.333,-5.974,Major,0.0342,96.981,0.791
0bAsR2unSRpn6BQPEnNlZm,Aimer,Japan,46YSff2Rq1ZtN1YVk5cwbZ,Brave Shine,2015-07,anime,63.0,False,233493,0.00272,0.38,0.889,2.07e-06,G#,0.152,-5.911,Major,0.0801,171.083,0.514
0bAsR2unSRpn6BQPEnNlZm,Aimer,Japan,0ZiO07cHvb675UDaKB1iix,コイワズライ,2019-04,anime,61.0,False,235160,0.3,0.675,0.5,0.0,A#,0.312,-5.825,Major,0.0258,93.917,0.773
0bAsR2unSRpn6BQPEnNlZm,Aimer,Japan,6MNY72T605kPIOH3hnioxu,Ref:rain,2019-04,anime,60.0,False,289986,0.0343,0.472,0.672,0.0,G,0.0936,-4.297,Major,0.0287,77.982,0.313
0bAsR2unSRpn6BQPEnNlZm,Aimer,Japan,3E5HwkuvaaW60z6lLHj5D4,オアイコ,2022-08,anime,60.0,False,234541,0.0629,0.64,0.718,0.0,C#,0.0946,-5.088,Major,0.0649,92.989,0.735
0bAsR2unSRpn6BQPEnNlZm,Aimer,Japan,3NEuSQZbVmfQwRuDKol40Y,SPARK-AGAIN,2020-09,anime,58.0,False,244160,0.000913,0.399,0.946,0.00462,B,0.356,-3.397,Minor,0.15,90.068,0.502
0bAsR2unSRpn6BQPEnNlZm,Aimer,Japan,6Mq4q5OIMO25vBsKpFdlnH,朝が来る,2022-01,anime,57.0,False,294933,0.00118,0.335,0.92,0.0,C#,0.354,-4.086,Major,0.0986,83.117,0.246
0bAsR2unSRpn6BQPEnNlZm,Aimer,Japan,5SIvk89WNJKsl02ojARSYh,LAST STARDUST,2015-07,anime,56.0,False,318666,0.0105,0.473,0.845,2.87e-05,D,0.13,-5.13,Minor,0.0455,121.963,0.223
0bAsR2unSRpn6BQPEnNlZm,Aimer,Japan,1CAhaSy2odeJoPIkFndCIB,星屑ビーナス,2012-10,anime,55.0,False,252226,0.411,0.521,0.621,0.0,F,0.211,-5.268,Major,0.0289,72.982,0.377
0bAsR2unSRpn6BQPEnNlZm,Aimer,Japan,6g93YtKKHU2H1qIqhLIL0Y,Kataomoi,2016-01,anime,55.0,False,207360,0.78,0.619,0.534,0.0,C#,0.331,-5.974,Major,0.0344,96.986,0.792
0bAsR2unSRpn6BQPEnNlZm,Aimer,Japan,7c7iiyRHZQB2VUxyUQA8ZI,SPARK-AGAIN,2021-04,anime,54.0,False,242733,0.000715,0.444,0.961,0.00577,F#,0.31,-3.835,Minor,0.112,90.036,0.667
0bAsR2unSRpn6BQPEnNlZm,Aimer,Japan,0f34MnV51uwA1jhPQ2XnDe,Brave Shine,2015-07,anime,54.0,False,233493,0.00307,0.365,0.893,6.55e-06,F,0.141,-5.912,Minor,0.0909,171.08,0.46
0bAsR2unSRpn6BQPEnNlZm,Aimer,Japan,5kKSQULHCPFE7CKMPrkAtP,I beg you,2019-04,anime,53.0,False,267213,0.00321,0.456,0.893,0.0,F,0.121,-2.825,Minor,0.0813,127.884,0.478
0bAsR2unSRpn6BQPEnNlZm,Aimer,Japan,2rizK3oastlZwyoYwrcLgC,春はゆく,2021-04,anime,52.0,False,305386,0.186,0.397,0.427,0.0,F,0.0976,-6.954,Minor,0.0271,80.035,0.227
7Ln80lUS6He07XvHI8qqHH,Arctic Monkeys,Europe,5XeFesFbtLpXzIVDNQP22n,I Wanna Be Yours,2013-09,indie,92.0,False,183956,0.136,0.464,0.417,0.022,C,0.0974,-9.345,Minor,0.0256,67.528,0.479
7Ln80lUS6He07XvHI8qqHH,Arctic Monkeys,Europe,5FVd6KXrgO9B3JPmC8OPst,Do I Wanna Know?,2013-09,indie,88.0,False,272394,0.186,0.548,0.532,0.000263,F,0.217,-7.596,Major,0.0323,85.03,0.405
7Ln80lUS6He07XvHI8qqHH,Arctic Monkeys,Europe,0BxE4FqsDD1Ot4YuBXwAPp,505,2007-04,indie,88.0,False,253586,0.00287,0.526,0.866,7.78e-05,C,0.0945,-5.822,Major,0.0568,140.266,0.248
7Ln80lUS6He07XvHI8qqHH,Arctic Monkeys,Europe,086myS9r57YsLbJpU0TgK9,Why'd You Only Call Me When You're High?,2013-09,indie,88.0,False,161123,0.0483,0.691,0.631,1.13e-05,D,0.104,-6.478,Major,0.0368,92.004,0.8
7Ln80lUS6He07XvHI8qqHH,Arctic Monkeys,Europe,2AT8iROs4FQueDv2c8q2KE,R U Mine?,2013-09,indie,83.0,False,201726,0.00616,0.288,0.758,0.0,F#,0.303,-5.692,Minor,0.0371,97.094,0.619
7Ln80lUS6He07XvHI8qqHH,Arctic Monkeys,Europe,0NdTUS4UiNYCNn5FgVqKQY,Snap Out Of It,2013-09,indie,80.0,False,193030,0.249,0.728,0.638,0.0,F,0.116,-6.455,Minor,0.0336,130.014,0.872
7Ln80lUS6He07XvHI8qqHH,Arctic Monkeys,Europe,2x8evxqUlF0eRabbW2JBJd,Fluorescent Adolescent,2007-04,indie,79.0,False,183893,0.00146,0.654,0.828,0.000144,C#,0.122,-5.377,Minor,0.0281,112.056,0.79
7Ln80lUS6He07XvHI8qqHH,Arctic Monkeys,Europe,7nzsY8vlnKdvGOEE0rjAXZ,Arabella,2013-09,indie,78.0,False,207356,0.0202,0.579,0.558,1.26e-06,D,0.212,-6.986,Major,0.0895,179.949,0.506
7Ln80lUS6He07XvHI8qqHH,Arctic Monkeys,Europe,11jRCxY01k9jvCdUru0EeP,Body Paint,2022-09,indie,77.0,False,290584,0.567,0.56,0.313,0.0,G,0.0767,-11.653,Minor,0.0627,144.745,0.254
7Ln80lUS6He07XvHI8qqHH,Arctic Monkeys,Europe,0yowbJnnbTLpr99f9l1uba,There’d Better Be A Mirrorball,2022-08,indie,77.0,False,265798,0.634,0.513,0.369,0.0139,D#,0.186,-10.899,Major,0.0307,72.062,0.311
7Ln80lUS6He07XvHI8qqHH,Arctic Monkeys,Europe,2LGdO5MtFdyphi2EihANZG,Knee Socks,2013-09,indie,76.0,False,257563,0.123,0.665,0.542,0.00291,B,0.342,-8.323,Minor,0.033,97.975,0.587
7Ln80lUS6He07XvHI8qqHH,Arctic Monkeys,Europe,2zzLRQ78kKfPTx8FJQCdC2,When The Sun Goes Down,2006-01,indie,76.0,True,202133,0.0341,0.348,0.875,0.0,B,0.117,-4.758,Minor,0.199,169.152,0.407
7Ln80lUS6He07XvHI8qqHH,Arctic Monkeys,Europe,3DQVgcqaP3iSMbaKsd57l5,I Bet You Look Good On The Dancefloor,2006-01,indie,75.0,False,173680,0.00225,0.535,0.948,0.0,F#,0.376,-4.19,Minor,0.0356,103.183,0.778
7Ln80lUS6He07XvHI8qqHH,Arctic Monkeys,Europe,2fyIS6GXMgUcSv4oejx63f,Mardy Bum,2006-01,indie,74.0,False,175440,0.0288,0.634,0.599,0.0,D,0.197,-5.447,Major,0.0365,112.215,0.312
7Ln80lUS6He07XvHI8qqHH,Arctic Monkeys,Europe,6wVWJl64yoTzU27EI8ep20,Crying Lightning,2009-08,indie,72.0,False,224826,0.0148,0.498,0.885,0.00041,E,0.239,-4.423,Minor,0.0461,106.719,0.67
568ZhdwyaiCyOGJRtNYhWf,Deep Purple,Europe,5MMnwYs0hIxkENRsbkWJ2G,Smoke On The Water - Remastered 2012,1972-03,hard rock,73.0,False,340742,0.13,0.598,0.676,0.225,C,0.112,-9.211,Major,0.0279,114.169,0.805
568ZhdwyaiCyOGJRtNYhWf,Deep Purple,Europe,3uMmllZo1AfoEnVT4ENCD3,Highway Star - Remastered 2012,1972-03,hard rock,67.0,False,366136,0.135,0.307,0.909,0.0336,A,0.125,-7.08,Minor,0.0574,173.674,0.443
568ZhdwyaiCyOGJRtNYhWf,Deep Purple,Europe,2JhJOPGvtqMpj5RQC8cIYf,Perfect Strangers,1984-09,hard rock,66.0,False,328426,0.00348,0.521,0.721,0.0113,D,0.391,-7.699,Major,0.0254,97.578,0.611
568ZhdwyaiCyOGJRtNYhWf,Deep Purple,Europe,5SAUIWdZ04OxYfJFDchC7S,Smoke on the Water,1972-03,hard rock,62.0,False,342173,0.0983,0.632,0.586,0.581,C,0.0535,-11.333,Major,0.0284,114.243,0.89
568ZhdwyaiCyOGJRtNYhWf,Deep Purple,Europe,0JtcFIgrkSagrM5JdFakeO,When A Blind Man Cries - Remastered,1972-03,hard rock,60.0,False,209246,0.843,0.52,0.274,0.0165,B,0.0724,-10.661,Minor,0.0363,64.21,0.222
568ZhdwyaiCyOGJRtNYhWf,Deep Purple,Europe,7m1EF6LilQOZ50GZYFZmkf,Perfect Strangers,1992-03,hard rock,60.0,False,321093,0.00698,0.534,0.57,0.0237,D,0.156,-12.385,Major,0.025,97.365,0.644
568ZhdwyaiCyOGJRtNYhWf,Deep Purple,Europe,60ifqqPhbselSwXyGrGyMK,Soldier Of Fortune - 2009 Digital Remaster,1974-11,hard rock,59.0,False,204880,0.386,0.533,0.313,4.64e-06,D,0.0868,-13.007,Minor,0.0298,133.615,0.225
568ZhdwyaiCyOGJRtNYhWf,Deep Purple,Europe,0XHWClSz0v6RIaRSGqJH3X,Smoke on the Water,1990-07,hard rock,59.0,False,337613,0.169,0.616,0.612,0.434,C,0.101,-11.084,Major,0.0275,114.558,0.897
568ZhdwyaiCyOGJRtNYhWf,Deep Purple,Europe,2Vim06YsRb4uJRpbeq6NR6,Hush - 1998 Remaster,1968-07,hard rock,59.0,False,266840,0.00459,0.57,0.635,0.176,A#,0.0901,-10.231,Major,0.0482,108.431,0.196
568ZhdwyaiCyOGJRtNYhWf,Deep Purple,Europe,1iW2ktyrQHNKZwFTvgP0Ta,Burn - Remastered 2004,1974-02,hard rock,58.0,False,364933,0.0155,0.387,0.94,0.023,G,0.327,-6.192,Major,0.0376,98.533,0.582
568ZhdwyaiCyOGJRtNYhWf,Deep Purple,Europe,573Z2Dty5epeNgKsgoDOlr,Child in Time - 1995 Remaster,1970-06,hard rock,57.0,False,613440,0.0167,0.344,0.497,0.453,A,0.108,-9.295,Minor,0.0366,127.707,0.356
568ZhdwyaiCyOGJRtNYhWf,Deep Purple,Europe,4gVTozEmzwAUXpwj3jEetX,Highway Star,1972-03,hard rock,57.0,False,368507,0.0283,0.298,0.895,0.00574,A,0.305,-7.647,Minor,0.0547,173.737,0.544
568ZhdwyaiCyOGJRtNYhWf,Deep Purple,Europe,2c1ccPqUnFYD8W7LY65bKG,Black Night - 1995 Remaster,1970-06,hard rock,56.0,False,209400,0.0546,0.507,0.886,0.363,A,0.0919,-8.889,Major,0.0873,134.719,0.826
568ZhdwyaiCyOGJRtNYhWf,Deep Purple,Europe,21cp8L9Pei4AgysZVihjSv,Child in Time,1990-07,hard rock,55.0,False,619266,0.313,0.331,0.34,0.607,A,0.234,-14.784,Minor,0.0369,126.672,0.365
568ZhdwyaiCyOGJRtNYhWf,Deep Purple,Europe,1VJBQdDrOblSLmoZMeh1xh,Knocking At Your Back Door,1984-09,hard rock,54.0,False,425200,0.000915,0.524,0.818,4.47e-05,B,0.0916,-6.701,Minor,0.0406,121.699,0.525
3w2HqkKa6upwuXEULtGvnY,FLOW,Japan,0xmWQKzc5m9rLv2ucDWxwD,Sign,2010-06,anime,67.0,False,236426,0.00183,0.363,0.914,0.0,B,0.335,-2.899,Minor,0.0983,177.968,0.678
3w2HqkKa6upwuXEULtGvnY,FLOW,Japan,30WNOfFRiqgebO4eRkCii8,GO!!!,2004-01,anime,63.0,False,236160,0.075,0.61,0.963,0.0,B,0.256,-4.451,Major,0.0576,133.747,0.839
3w2HqkKa6upwuXEULtGvnY,FLOW,Japan,6bPPyigCphBBQ9781j6eKM,COLORS,2006-01,anime,62.0,False,218493,0.0353,0.457,0.877,0.0,C#,0.106,-4.229,Major,0.0504,136.03,0.387
3w2HqkKa6upwuXEULtGvnY,FLOW,Japan,1hi0P1Y2he1p09xnUccuAN,Sign,2010-07,anime,58.0,False,236427,0.0019,0.368,0.906,0.0,B,0.344,-2.892,Minor,0.101,177.956,0.692
3w2HqkKa6upwuXEULtGvnY,FLOW,Japan,1hoQxGi3ujVYUzQDhXfvkN,Re:member,2006-01,anime,55.0,False,199560,0.0035,0.404,0.901,0.0,G#,0.0924,-5.991,Minor,0.0616,171.948,0.715
3w2HqkKa6upwuXEULtGvnY,FLOW,Japan,1Iexk6Gy5GJLxeXD5fqf85,Howling,2018-01,anime,54.0,False,261547,0.000106,0.507,0.949,0.0,C,0.087,-1.701,Major,0.0561,99.973,0.49
3w2HqkKa6upwuXEULtGvnY,FLOW,Japan,6xUBXdVdzs50AvqARndD1A,COLORS -CODE GEASS OPENING MIX-,2006-01,anime,53.0,False,93786,0.0482,0.524,0.815,0.0,C#,0.122,-5.414,Major,0.0369,136.072,0.638
3w2HqkKa6upwuXEULtGvnY,FLOW,Japan,0ggHt5jwwtMsWME2PDB6a0,Colors,2003-01,anime,53.0,False,218493,0.0353,0.458,0.877,0.0,C#,0.106,-4.229,Major,0.0503,136.034,0.386
3w2HqkKa6upwuXEULtGvnY,FLOW,Japan,0GSs0GV34KX7KCpLw9tWjk,Go!!!,2003-01,anime,53.0,False,239333,0.0264,0.599,0.953,0.0,B,0.212,-4.828,Major,0.0605,133.984,0.921
3w2HqkKa6upwuXEULtGvnY,FLOW,Japan,4ebKRYnUm7pSy5xEnHhjs3,GO!!! 〜NARUTO OPENING MIX〜,2004-04,anime,51.0,False,93133,0.0701,0.601,0.972,0.0,B,0.165,-1.767,Major,0.0563,133.74,0.941
3w2HqkKa6upwuXEULtGvnY,FLOW,Japan,0xbykMkzdiCQr6lJ1vTtHB,Sign -NARUTO Opening Mix-,2010-01,anime,48.0,False,93773,0.00122,0.384,0.855,0.0,B,0.127,-3.191,Minor,0.105,177.999,0.749
3w2HqkKa6upwuXEULtGvnY,FLOW,Japan,5Lft98Xsgeb568V3bjRLCj,7 -Seven-,2015-04,anime,47.0,False,260760,0.000108,0.409,0.928,2.02e-06,D,0.331,-3.221,Major,0.0619,170.029,0.775
3w2HqkKa6upwuXEULtGvnY,FLOW,Japan,1Ucmx7qaayeZL8Qfsq9vzD,Re:member,2003-01,anime,45.0,False,199560,0.00352,0.406,0.902,0.0,G#,0.0924,-5.99,Minor,0.0635,171.945,0.693
3w2HqkKa6upwuXEULtGvnY,FLOW,Japan,7qep024rnanEnyVAw1crmX,Hero -Kibou No Uta-,2004-01,anime,44.0,False,218667,0.00376,0.469,0.978,0.0,C,0.285,-2.455,Major,0.0834,175.143,0.683
3w2HqkKa6upwuXEULtGvnY,FLOW,Japan,4e6kJJb0fyjao3vlkWGURi,Colors - Code Geass Opening Mix,2006-11,anime,44.0,False,93787,0.0482,0.524,0.815,0.0,C#,0.122,-5.413,Major,0.0369,136.05,0.638
0XNa1vTidXlvJ2gHSsRi4A,Franz Ferdinand,Europe,20I8RduZC2PWMWTDCZuuAN,Take Me Out,2004-02,indie rock,79.0,False,237026,0.000409,0.277,0.663,0.00051,E,0.136,-8.821,Minor,0.0377,104.561,0.527
0XNa1vTidXlvJ2gHSsRi4A,Franz Ferdinand,Europe,46gSk82duJtX3TTA182ruG,This fffire - New Version,2004-11,indie rock,76.0,False,218080,0.0259,0.442,0.887,4.57e-06,E,0.0655,-5.943,Minor,0.1,146.358,0.637
0XNa1vTidXlvJ2gHSsRi4A,Franz Ferdinand,Europe,6ooluO7DiEhI1zmK94nRCM,Take Me Out,2004-01,indie rock,71.0,False,237027,0.000423,0.278,0.676,0.000899,A,0.136,-8.821,Major,0.0371,104.545,0.494
0XNa1vTidXlvJ2gHSsRi4A,Franz Ferdinand,Europe,06Qha323s06okpZ4LmMX7P,Love Illumination,2013-08,indie rock,56.0,False,222282,0.0978,0.53,0.864,3.12e-06,E,0.153,-3.323,Minor,0.0557,153.314,0.85
0XNa1vTidXlvJ2gHSsRi4A,Franz Ferdinand,Europe,37CBHPCzV1rizPrxRUyR72,No You Girls,2009-01,indie rock,55.0,False,220453,0.00915,0.679,0.909,3.27e-05,D,0.139,-4.129,Minor,0.0297,104.781,0.899
0XNa1vTidXlvJ2gHSsRi4A,Franz Ferdinand,Europe,0vek0LcCbvcMtj0GkXMMJy,Do You Want To,2005-10,indie rock,55.0,False,215000,0.0783,0.413,0.942,0.000412,C,0.689,-2.871,Major,0.0453,123.085,0.759
0XNa1vTidXlvJ2gHSsRi4A,Franz Ferdinand,Europe,6WrnSlcN0dzTO80mVVbBto,Do You Want To,2005-10,indie rock,55.0,False,215000,0.0724,0.412,0.944,0.000493,C,0.801,-2.896,Major,0.0448,123.091,0.79
0XNa1vTidXlvJ2gHSsRi4A,Franz Ferdinand,Europe,6NlE71TbUglmKQVLhE1H8R,Evil Eye,2013-08,indie rock,51.0,True,167253,0.0148,0.7020000000000001,0.815,3.85e-05,B,0.0486,-3.289,Minor,0.0296,110.968,0.8190000000000001
0XNa1vTidXlvJ2gHSsRi4A,Franz Ferdinand,Europe,1by2yZWXqeTs4SRlBDsGov,Always Ascending,2018-02,indie rock,44.0,False,321413,0.00196,0.442,0.92,3.64e-06,G,0.11,-4.688,Major,0.107,112.585,0.255
0XNa1vTidXlvJ2gHSsRi4A,Franz Ferdinand,Europe,7mexukWpLrCVwAztkM8kQl,Stand On the Horizon,2013-08,indie rock,42.0,False,263120,0.0996,0.66,0.8270000000000001,0.0,E,0.115,-4.015,Minor,0.0441,123.364,0.5760000000000001
0XNa1vTidXlvJ2gHSsRi4A,Franz Ferdinand,Europe,5X9DtVEeUWpfPgSwhbyxXk,Bullet,2013-08,indie rock,41.0,False,163400,0.00077,0.386,0.954,0.0,C,0.1639999999999999,-2.8760000000000003,Major,0.0644,164.75,0.779
0XNa1vTidXlvJ2gHSsRi4A,Franz Ferdinand,Europe,6hADH7b57N5666cGv624vg,Right Action,2013-08,indie rock,40.0,False,182280,0.0548,0.561,0.942,0.00234,G,0.373,-2.951,Major,0.0662,119.696,0.482
0XNa1vTidXlvJ2gHSsRi4A,Franz Ferdinand,Europe,7zE4YHQa4c2XqcKfBKvQgD,Lazy Boy,2018-02,indie rock,40.0,False,179520,0.0157,0.61,0.853,4e-05,C,0.182,-6.007999999999999,Major,0.184,118.283,0.601
0XNa1vTidXlvJ2gHSsRi4A,Franz Ferdinand,Europe,6UZVW9DjfRKrcIVco5uwc1,Glimpse Of Love,2018-02,indie rock,39.0,False,192307,0.0233,0.4539999999999999,0.88,0.0,E,0.218,-4.32,Minor,0.122,118.238,0.546
0XNa1vTidXlvJ2gHSsRi4A,Franz Ferdinand,Europe,1Ze0nMoP6PY90k4VjInW4T,Feel The Love Go,2018-02,indie rock,39.0,False,286440,0.000583,0.523,0.7,0.0,A#,0.135,-4.332,Minor,0.131,114.297,0.525
3PWp9R5HvbQgxI5KBx5kVd,KANA-BOON,Japan,1di1C0QI6Y92yZPYn6XYAZ,シルエット,2015-01,anime,73.0,False,240133,1.03e-05,0.436,0.934,0.14,D,0.321,-2.685,Major,0.0507,91.481,0.384
3PWp9R5HvbQgxI5KBx5kVd,KANA-BOON,Japan,21z1GxeHjfD3qkaF5CgCTO,Silhouette,2015-01,anime,65.0,False,240133,1.05e-05,0.436,0.934,0.136,D,0.321,-2.685,Major,0.0507,91.488,0.383
3PWp9R5HvbQgxI5KBx5kVd,KANA-BOON,Japan,6NAtVhZ5LrvoKy2Gijr5gj,スターマーカー (Album Mix),2022-03,anime,57.0,False,213640,0.0107,0.502,0.872,0.0,E,0.313,-3.449,Major,0.0421,134.047,0.808
3PWp9R5HvbQgxI5KBx5kVd,KANA-BOON,Japan,1dsh4buvcBs2u7YtHy29c7,ないものねだり,2013-04,anime,55.0,False,262693,0.0002,0.471,0.77,0.00308,F#,0.0974,-3.783,Minor,0.102,174.85,0.529
3PWp9R5HvbQgxI5KBx5kVd,KANA-BOON,Japan,3YblgwBrb747gUzuh2CgYF,Torch of Liberty,2020-10,anime,54.0,False,185166,0.00422,0.447,0.934,0.0,F,0.337,-1.998,Major,0.066,94.983,0.356
3PWp9R5HvbQgxI5KBx5kVd,KANA-BOON,Japan,1o9Tn1pO1bVIJBEAcmG0If,スパイラル,2018-03,anime,53.0,False,181786,2.61e-05,0.479,0.947,0.109,F,0.167,-3.36,Minor,0.0906,90.032,0.411
3PWp9R5HvbQgxI5KBx5kVd,KANA-BOON,Japan,4GQjav2jvs9tmbC0KkYtCj,きらりらり,2022-08,anime,52.0,False,222900,0.00378,0.385,0.932,0.00782,C,0.314,-2.27,Major,0.0405,177.093,0.725
3PWp9R5HvbQgxI5KBx5kVd,KANA-BOON,Japan,4ESlJoWBExtFumtISwPabd,バトンロード,2017-09,anime,51.0,False,280240,0.000504,0.361,0.946,0.000172,C#,0.343,-3.516,Major,0.0759,161.92,0.39
3PWp9R5HvbQgxI5KBx5kVd,KANA-BOON,Japan,4PSYobGLKAD4c1Jah8571x,見たくないもの,2013-04,anime,48.0,False,221053,0.00172,0.368,0.949,0.000151,C#,0.29,-3.28,Minor,0.122,194.904,0.423
3PWp9R5HvbQgxI5KBx5kVd,KANA-BOON,Japan,0wDXtaAKfzdDYUqL3iQ2Jw,Diver,2016-02,anime,47.0,False,272280,0.000107,0.459,0.855,0.00116,D,0.378,-3.408,Major,0.0428,139.921,0.547
3PWp9R5HvbQgxI5KBx5kVd,KANA-BOON,Japan,0IPBnmyK7xZRkgEd7NIihx,さくらのうた,2013-04,anime,44.0,False,278160,0.00026,0.305,0.889,2.06e-06,E,0.149,-3.029,Major,0.0611,190.036,0.318
3PWp9R5HvbQgxI5KBx5kVd,KANA-BOON,Japan,3f39BvOSaAfNWf5Yj42HP1,クローン,2013-04,anime,43.0,False,314507,0.00814,0.524,0.84,3.22e-05,E,0.0487,-3.684,Major,0.113,189.934,0.462
3PWp9R5HvbQgxI5KBx5kVd,KANA-BOON,Japan,60LLMBddbObYPrOLXGCbpL,Brand-new,2019-06,anime,43.0,False,292840,2.46e-05,0.407,0.926,8.34e-05,F,0.298,-3.879,Minor,0.0536,103.976,0.444
3PWp9R5HvbQgxI5KBx5kVd,KANA-BOON,Japan,5nvqqLZu75jMK31gDytANZ,Fighter,2017-03,anime,42.0,False,226947,0.00107,0.408,0.966,8.78e-06,B,0.311,-3.565,Minor,0.0714,91.034,0.191
3PWp9R5HvbQgxI5KBx5kVd,KANA-BOON,Japan,5pIlTStzsYk3h5Nnf7BWPw,Haguruma,2019-03,anime,41.0,False,218573,3.43e-05,0.301,0.927,0.0,E,0.211,-3.79,Minor,0.0506,82.469,0.594
36QJpDe2go2KgaRleHCDTp,Led Zeppelin,Europe,5CQ30WqJwcep0pYcV4AMNc,Stairway to Heaven - Remaster,1971-11,classic rock,79.0,False,482830,0.58,0.338,0.34,0.0032,A,0.116,-12.049,Minor,0.0339,82.433,0.197
36QJpDe2go2KgaRleHCDTp,Led Zeppelin,Europe,78lgmZwycJ3nzsdgmPPGNx,Immigrant Song - Remaster,1970-01,classic rock,78.0,False,146250,0.013,0.564,0.932,0.169,B,0.349,-10.068,Major,0.0554,112.937,0.619
36QJpDe2go2KgaRleHCDTp,Led Zeppelin,Europe,0hCB0YR03f6AmQaHbwWDe8,Whole Lotta Love - 1990 Remaster,1969-10,classic rock,77.0,False,333893,0.0484,0.412,0.902,0.131,A,0.405,-11.6,Major,0.405,89.74,0.422
36QJpDe2go2KgaRleHCDTp,Led Zeppelin,Europe,3qT4bUD1MaWpGrTwcvguhb,Black Dog - Remaster,1971-11,classic rock,74.0,False,295386,0.396,0.437,0.864,0.0314,E,0.242,-7.842,Minor,0.0904,81.394,0.749
36QJpDe2go2KgaRleHCDTp,Led Zeppelin,Europe,6Vjk8MNXpQpi0F4BefdTyq,Kashmir - Remaster,1975-02,classic rock,71.0,False,517125,0.452,0.483,0.615,0.000414,D,0.0512,-8.538,Major,0.0497,80.576,0.594
36QJpDe2go2KgaRleHCDTp,Led Zeppelin,Europe,4PRGxHpCpF2yoOHYKQIEwD,Rock and Roll - Remaster,1971-11,classic rock,71.0,False,220560,0.000582,0.317,0.887,0.00258,A,0.0891,-7.292,Major,0.0375,169.613,0.871
36QJpDe2go2KgaRleHCDTp,Led Zeppelin,Europe,3MODES4TNtygekLl146Dxd,Ramble On - 1990 Remaster,1969-10,classic rock,71.0,False,263333,0.072,0.468,0.607,0.000852,A,0.225,-11.367,Major,0.0336,98.429,0.886
36QJpDe2go2KgaRleHCDTp,Led Zeppelin,Europe,2nVHqZbOGkKWzlcy1aMbE7,Kashmir,1975-02,classic rock,70.0,False,508200,0.488,0.48,0.536,4.22e-05,D,0.155,-11.166,Major,0.0427,80.617,0.581
36QJpDe2go2KgaRleHCDTp,Led Zeppelin,Europe,0QwZfbw26QeUoIy82Z2jYp,Good Times Bad Times - 1993 Remaster,1969-01,classic rock,69.0,False,166266,0.0382,0.476,0.717,7.61e-05,A,0.0818,-9.192,Major,0.0949,93.584,0.753
36QJpDe2go2KgaRleHCDTp,Led Zeppelin,Europe,51pQ7vY7WXzxskwloaeqyj,Stairway to Heaven,1971-11,classic rock,68.0,False,478173,0.575,0.346,0.335,0.00674,G,0.185,-12.453,Major,0.0339,84.204,0.213
36QJpDe2go2KgaRleHCDTp,Led Zeppelin,Europe,4ItljeeAXtHsnsnnQojaO2,D'yer Mak'er - Remaster,1973-03,classic rock,66.0,False,262748,0.262,0.525,0.929,2.9e-05,A,0.0754,-8.56,Minor,0.0784,163.503,0.556
36QJpDe2go2KgaRleHCDTp,Led Zeppelin,Europe,70gbuMqwNBE2Y5rkQJE9By,Going to California - Remastered,1971-11,classic rock,66.0,False,212161,0.943,0.503,0.265,0.045,D,0.0867,-15.913,Major,0.0333,78.044,0.522
36QJpDe2go2KgaRleHCDTp,Led Zeppelin,Europe,5hhVpGIBlqAU5yJEOmrk5o,All My Love - Remaster,1979-08,classic rock,65.0,False,353720,0.113,0.554,0.791,1.76e-05,G,0.166,-8.326,Major,0.0288,91.108,0.697
36QJpDe2go2KgaRleHCDTp,Led Zeppelin,Europe,05f8Hg3RSfiPSCBQOtxl3i,When the Levee Breaks - Remaster,1971-11,classic rock,64.0,False,428851,0.00217,0.271,0.766,0.52,F,0.0707,-8.03,Major,0.0329,142.914,0.803
36QJpDe2go2KgaRleHCDTp,Led Zeppelin,Europe,4ywWJqYKOwaVVh9xXARWUS,Tangerine - Remaster,1970-01,classic rock,64.0,False,191827,0.0857,0.306,0.398,6.02e-05,F#,0.0756,-12.767,Major,0.0412,85.622,0.0948
0blbVefuxOGltDBa00dspv,LiSA,Japan,0qMip0B2D4ePEjBJvAtYre,紅蓮華,2020-10,anime,74.0,False,237586,0.00321,0.541,0.977,5.13e-05,E,0.0796,-2.828,Minor,0.157,134.938,0.263
0blbVefuxOGltDBa00dspv,LiSA,Japan,4BvuZVf9KyBN3QiPfeI9hw,crossing field,2013-10,anime,69.0,False,248946,0.0186,0.45,0.983,0.0,F,0.265,-2.246,Major,0.282,179.041,0.314
0blbVefuxOGltDBa00dspv,LiSA,Japan,0cSkn2l67csUljEy0EEBPn,炎,2020-10,anime,67.0,False,275000,0.105,0.477,0.685,0.0,D,0.277,-4.554,Major,0.0325,152.04,0.308
0blbVefuxOGltDBa00dspv,LiSA,Japan,6RpBs7BsS9oiHKtzJXsMOS,ADAMAS,2018-12,anime,63.0,False,225000,0.00906,0.514,0.991,1.28e-05,C#,0.316,-1.768,Minor,0.115,95.528,0.298
0blbVefuxOGltDBa00dspv,LiSA,Japan,3J34JtfZNylVXSKN4TDf12,明け星,2021-10,anime,61.0,False,269000,0.000303,0.389,0.867,0.0,C#,0.347,-3.604,Major,0.048,94.952,0.215
0blbVefuxOGltDBa00dspv,LiSA,Japan,5Xs2wcsqZwZ6bfLSpAs08G,紅蓮華 -TV ver.-,2019-07,anime,60.0,False,89946,0.0573,0.559,0.973,0.0,E,0.558,-3.386,Minor,0.088,135.012,0.632
0blbVefuxOGltDBa00dspv,LiSA,Japan,3SlQVRQAgsc6ac6UBM9dIk,unlasting,2020-10,anime,59.0,False,296813,0.53,0.637,0.447,0.0,G,0.0977,-5.893,Minor,0.0302,113.256,0.343
0blbVefuxOGltDBa00dspv,LiSA,Japan,4cDm9C5jhBiIyYxVhQmMwB,往け,2021-10,anime,59.0,False,228266,0.135,0.56,0.952,0.0,C#,0.162,-2.579,Minor,0.162,89.872,0.689
0blbVefuxOGltDBa00dspv,LiSA,Japan,6vRkYTrWDzzVrZTqBJFR0u,Catch the Moment,2017-05,anime,58.0,False,282626,0.0578,0.401,0.978,1.87e-06,G,0.331,-1.875,Major,0.147,190.083,0.446
0blbVefuxOGltDBa00dspv,LiSA,Japan,3mScGCzxiXA9OaHdBeuk7O,Crossing Field,2013-10,anime,58.0,False,248947,0.0157,0.447,0.983,0.0,F,0.276,-2.281,Major,0.268,179.072,0.317
0blbVefuxOGltDBa00dspv,LiSA,Japan,7xsTPnzpEcqCQguRxnBxOR,ADAMAS,2018-12,anime,58.0,False,225000,0.00906,0.508,0.991,1.28e-05,C#,0.316,-1.768,Minor,0.123,95.524,0.295
0blbVefuxOGltDBa00dspv,LiSA,Japan,7LqQO6uWQHDEue1ejeUVhF,Rising Hope,2015-03,anime,57.0,False,251213,0.0626,0.547,0.978,0.0,G#,0.0735,-2.732,Major,0.254,94.703,0.647
0blbVefuxOGltDBa00dspv,LiSA,Japan,0nUKU6e9COOCgO5tAUtlST,紅蓮華,2019-07,anime,56.0,False,238586,0.00336,0.544,0.979,0.000116,E,0.0775,-2.8,Minor,0.153,135.001,0.31
0blbVefuxOGltDBa00dspv,LiSA,Japan,45UI1yzA7vjkWHoAUZ8nGp,だってアタシのヒーロー。,2017-08,anime,55.0,False,234093,0.0365,0.394,0.99,0.0,A#,0.174,-0.589,Minor,0.188,188.954,0.269
0blbVefuxOGltDBa00dspv,LiSA,Japan,4WRoLfCYJ4sLMhXgQJnI2N,oath sign,2012-02,anime,55.0,False,250800,0.0705,0.528,0.935,0.0,F#,0.326,-1.114,Minor,0.0678,152.06,0.55
00DuPiLri3mNomvvM3nZvU,Ling tosite sigure,Japan,00nmZvZRyzQiYe2tAcDDUb,abnormalize,2013-04,j-rock,51.0,False,216666,7.51e-06,0.373,0.897,0.151,A#,0.0676,-4.052,Major,0.0702,87.477,0.369
00DuPiLri3mNomvvM3nZvU,Ling tosite sigure,Japan,3vmLDM2QoQEpJk9wxdCf13,Enigmatic Feeling,2014-11,j-rock,41.0,False,231285,0.000143,0.453,0.977,2.27e-06,A#,0.261,-2.63,Minor,0.145,142.188,0.326
00DuPiLri3mNomvvM3nZvU,Ling tosite sigure,Japan,2GhJWdd9tKcy9qrxlvRAaL,Abnormalize (Best of Tornado Remastering),2015-01,j-rock,39.0,False,218000,1.24e-05,0.269,0.932,0.15,D,0.0493,-2.54,Minor,0.0921,86.845,0.357
00DuPiLri3mNomvvM3nZvU,Ling tosite sigure,Japan,3GlE0YNBMDK1c3WXVPxiUW,Abnormalize,2013-04,j-rock,38.0,False,216667,6.48e-06,0.352,0.889,0.157,A#,0.0529,-4.024,Major,0.0714,87.551,0.365
00DuPiLri3mNomvvM3nZvU,Ling tosite sigure,Japan,3nwe7YW6p3crTHHpvHG73x,A 7days Wonder,2009-05,j-rock,32.0,False,279507,0.000172,0.471,0.714,0.239,G#,0.317,-6.084,Minor,0.0506,135.01,0.506
00DuPiLri3mNomvvM3nZvU,Ling tosite sigure,Japan,55mls7VrYKMmsettT2x5Xg,Who What Who What,2015-01,j-rock,30.0,False,222000,0.000135,0.419,0.966,1.16e-06,C,0.342,-2.056,Minor,0.101,150.064,0.362
00DuPiLri3mNomvvM3nZvU,Ling tosite sigure,Japan,33QsTLVk2NalplnVf8LyWS,Shandy,2010-09,j-rock,29.0,False,270987,0.0138,0.421,0.96,0.019,A,0.452,-3.759,Minor,0.14,82.467,0.49
00DuPiLri3mNomvvM3nZvU,Ling tosite sigure,Japan,44aigiy8yKmgDLk8jRjn8s,KIMITOOKU,2013-04,j-rock,28.0,False,294987,2.32e-05,0.186,0.85,0.0838,G#,0.0715,-4.066,Major,0.0543,100.08,0.425
00DuPiLri3mNomvvM3nZvU,Ling tosite sigure,Japan,3nnmvUFF2zUvTnljLeYBZT,Abnormalize - Remixed by Masayuki Nakano(BOOM BOOM SATELLITES) - PSYCHO-PASS SS OP Version,2019-01,j-rock,28.0,False,91667,0.0011,0.254,0.908,0.000271,D,0.199,-5.31,Minor,0.147,157.19,0.202
00DuPiLri3mNomvvM3nZvU,Ling tosite sigure,Japan,0lazcPhe9XJtAyDh2VP7eA,Abnormalize - Remixed by Masayuki Nakano(BOOM BOOM SATELLITES),2019-04,j-rock,27.0,False,195467,0.00348,0.383,0.941,2.25e-06,D,0.252,-4.485,Minor,0.199,161.082,0.202
00DuPiLri3mNomvvM3nZvU,Ling tosite sigure,Japan,2nNdPt3dJAWOkkS82eiSlY,Neighbormind,2019-06,j-rock,27.0,False,243067,1.67e-05,0.346,0.983,0.547,D#,0.125,-3.494,Minor,0.147,143.973,0.218
00DuPiLri3mNomvvM3nZvU,Ling tosite sigure,Japan,5aMq6fbTnkNOPudPcoWszU,Hakai Yono Yume,2009-05,j-rock,26.0,False,276893,0.000569,0.294,0.79,0.035,G#,0.386,-3.961,Major,0.0743,130.112,0.172
00DuPiLri3mNomvvM3nZvU,Ling tosite sigure,Japan,1P1mhYegu7cnXphz3QQZdB,am 3:45,2007-01,j-rock,26.0,False,392333,0.417,0.279,0.611,0.29,A#,0.117,-6.07,Minor,0.0506,145.396,0.148
00DuPiLri3mNomvvM3nZvU,Ling tosite sigure,Japan,7vtivL1unvV8upF8UcydX3,Metamorphose,2013-04,j-rock,24.0,False,206987,4.68e-06,0.256,0.892,0.874,C,0.0691,-3.409,Minor,0.0489,94.557,0.391
00DuPiLri3mNomvvM3nZvU,Ling tosite sigure,Japan,5VPLpcaUwh9H0XSwkpSbbY,Sitai miss me,2013-04,j-rock,23.0,False,240853,5.53e-05,0.431,0.922,0.0052,A#,0.0943,-3.312,Minor,0.0969,95.064,0.229
6cutt8thPFUICMfxaYerWd,MY FIRST STORY,Japan,1p6WtbNY4bDjiFBmSZolJY,REVIVER,2018-10,j-rock,55.0,False,290400,0.000401,0.431,0.993,0.0,G,0.39,-2.67,Minor,0.119,99.999,0.26
6cutt8thPFUICMfxaYerWd,MY FIRST STORY,Japan,7lFzS8uBjpXckGjQQcpJrW,不可逆リプレイス,2016-06,j-rock,55.0,False,231000,0.000143,0.502,0.931,0.0,D,0.54,-3.676,Major,0.0577,99.955,0.365
6cutt8thPFUICMfxaYerWd,MY FIRST STORY,Japan,3TeMXdcKef8xeWrjepm2IP,King & Ashley,2019-07,j-rock,51.0,False,203786,0.000127,0.528,0.957,0.0,F,0.119,-4.358,Major,0.11,107.556,0.444
6cutt8thPFUICMfxaYerWd,MY FIRST STORY,Japan,4MzdrjWuEShth6tyABlzYo,Missing You,2016-06,j-rock,48.0,False,260000,0.000368,0.465,0.966,0.0,G#,0.343,-3.043,Major,0.0991,95.01,0.482
6cutt8thPFUICMfxaYerWd,MY FIRST STORY,Japan,6jGB8Elznkw3445mTX9EWz,With You,2018-10,j-rock,46.0,False,254800,0.000449,0.45,0.968,0.0,F#,0.122,-3.022,Minor,0.257,139.987,0.197
6cutt8thPFUICMfxaYerWd,MY FIRST STORY,Japan,72iaBWeNjV5WwHBvgZPL65,ALONE,2016-06,j-rock,45.0,False,213000,3.48e-05,0.315,0.967,2.95e-05,F,0.356,-3.459,Minor,0.19,200.08,0.49
6cutt8thPFUICMfxaYerWd,MY FIRST STORY,Japan,5XhwjFeptj9D52SW4tKN8u,REVIVER,2018-03,j-rock,44.0,False,327067,0.00233,0.236,0.995,0.0,G,0.202,-2.477,Minor,0.483,199.919,0.0804
6cutt8thPFUICMfxaYerWd,MY FIRST STORY,Japan,74rZug4HF6ypkKzE4oEnYj,虚言NEUROSE,2014-10,j-rock,43.0,False,260240,0.00266,0.335,0.97,0.0,E,0.576,-3.914,Major,0.168,93.43,0.462
6cutt8thPFUICMfxaYerWd,MY FIRST STORY,Japan,1YhaeT8EygMA6OaUVwrow4,Home,2016-06,j-rock,42.0,False,241067,0.00018,0.387,0.969,0.0,F#,0.0415,-3.339,Major,0.0841,175.051,0.487
6cutt8thPFUICMfxaYerWd,MY FIRST STORY,Japan,2EfbpJoz5APBuEmH1oUA3H,WINNER,2018-10,j-rock,40.0,False,259333,0.000136,0.397,0.987,0.0,A#,0.0973,-2.198,Minor,0.139,170.013,0.319
6cutt8thPFUICMfxaYerWd,MY FIRST STORY,Japan,1xj5HLvWgeVb04VMlKa1So,Nothing In The Story,2016-06,j-rock,38.0,False,201200,7.33e-05,0.34,0.977,0.0,F#,0.22,-2.642,Minor,0.16,195.14,0.325
6cutt8thPFUICMfxaYerWd,MY FIRST STORY,Japan,3elIRsmkUWTGrqEuAasoRt,ACCIDENT,2018-10,j-rock,38.0,False,213467,0.000272,0.596,0.923,3.11e-05,A#,0.113,-3.3,Minor,0.0474,119.99,0.664
6cutt8thPFUICMfxaYerWd,MY FIRST STORY,Japan,08rRFDUovbSP4WK3E75gmO,LET IT DIE,2018-10,j-rock,37.0,False,249600,0.00131,0.473,0.977,0.0,A,0.215,-2.783,Major,0.229,95.009,0.23
6cutt8thPFUICMfxaYerWd,MY FIRST STORY,Japan,4byBkXmWNi1crfk8oYIhrD,悪戯フィクション,2016-06,j-rock,36.0,False,198867,0.000292,0.45,0.961,0.0,G#,0.31,-3.241,Minor,0.125,91.491,0.392
6cutt8thPFUICMfxaYerWd,MY FIRST STORY,Japan,3J58Z69Way85kIyUiSeVND,M.A.D,2018-10,j-rock,35.0,False,231400,0.00516,0.372,0.976,0.0,F,0.104,-2.638,Minor,0.148,170.137,0.248
12Chz98pHFMPJEknJQMWvI,Muse,Europe,4VqPOruhp5EdPBeR92t6lQ,Uprising,2009-09,alternative rock,77.0,False,304840,0.000202,0.602,0.905,0.064,D,0.117,-4.046,Major,0.0775,128.019,0.411
12Chz98pHFMPJEknJQMWvI,Muse,Europe,3lPr8ghNDBLc2uZovNyLs9,Supermassive Black Hole,2006-06,alternative rock,74.0,False,212440,0.0492,0.668,0.921,0.00517,G,0.0877,-3.727,Major,0.0439,120.0,0.782
12Chz98pHFMPJEknJQMWvI,Muse,Europe,3eSyMBd7ERw68NVB3jlRmW,Pressure,2018-11,alternative rock,73.0,False,235600,0.00342,0.622,0.842,0.00014,B,0.0575,-3.678,Minor,0.0609,136.041,0.724
12Chz98pHFMPJEknJQMWvI,Muse,Europe,3skn2lauGk7Dx6bVIt5DVj,Starlight,2006-06,alternative rock,73.0,False,240213,0.000436,0.55,0.874,1.02e-05,E,0.206,-4.046,Major,0.0321,121.61,0.318
12Chz98pHFMPJEknJQMWvI,Muse,Europe,0c4IEciLCDdXEhhKxj4ThA,Madness,2012-09,alternative rock,71.0,False,281040,0.127,0.502,0.417,0.00419,A#,0.106,-7.665,Major,0.0718,180.301,0.218
12Chz98pHFMPJEknJQMWvI,Muse,Europe,7ouMYWpwJ422jRcDASZB7P,Knights Of Cydonia,2006-06,alternative rock,69.0,False,366213,0.000273,0.366,0.963,0.0122,B,0.115,-5.301,Minor,0.142,137.114,0.211
12Chz98pHFMPJEknJQMWvI,Muse,Europe,383QXk8nb2YrARMUwDdjQS,Psycho,2015-06,alternative rock,69.0,True,316718,0.00114,0.555,0.883,0.041,D,0.868,-3.426,Major,0.0341,125.02,0.507
12Chz98pHFMPJEknJQMWvI,Muse,Europe,7xyYsOvq5Ec3P4fr6mM9fD,Hysteria,2004-03,alternative rock,69.0,False,227440,0.000456,0.412,0.92,0.0026,A,0.11,-4.852,Minor,0.0575,93.162,0.455
12Chz98pHFMPJEknJQMWvI,Muse,Europe,57lCa95tmjJ8EYdNTex8Kk,Thought Contagion,2018-11,alternative rock,68.0,False,206107,0.00107,0.48,0.76,2.37e-05,F,0.0809,-3.663,Major,0.0402,139.985,0.378
12Chz98pHFMPJEknJQMWvI,Muse,Europe,2takcwOaAZWiXQijPHIx7B,Time Is Running Out,2004-03,alternative rock,68.0,False,237040,0.00242,0.585,0.842,0.00686,A,0.0866,-5.883,Minor,0.0556,118.211,0.428
12Chz98pHFMPJEknJQMWvI,Muse,Europe,0dMYPDqcI4ca4cjqlmp9mE,The Dark Side,2018-11,alternative rock,67.0,False,227213,0.000884,0.484,0.927,3.96e-06,D,0.223,-3.759,Major,0.0425,99.979,0.389
12Chz98pHFMPJEknJQMWvI,Muse,Europe,1esX5rtwwssnsEQNQk0HGg,Something Human,2018-11,alternative rock,66.0,False,226787,0.0536,0.59,0.903,0.00289,A,0.12,-4.841,Major,0.0542,105.018,0.545
12Chz98pHFMPJEknJQMWvI,Muse,Europe,0It6VJoMAare1zdV2wxqZq,Undisclosed Desires,2009-09,alternative rock,66.0,False,235000,0.00819,0.683,0.585,0.0162,G#,0.0797,-6.76,Major,0.0323,115.997,0.641
12Chz98pHFMPJEknJQMWvI,Muse,Europe,5PK1JCSdr34gWgzYHgt3Jq,Feeling Good,2001-01,alternative rock,65.0,False,198800,0.299,0.345,0.418,1.75e-05,G,0.103,-7.787,Minor,0.0316,109.044,0.267
12Chz98pHFMPJEknJQMWvI,Muse,Europe,0RILico3Gbl5jxSNg3zLrJ,Dig Down,2018-11,alternative rock,64.0,False,228147,0.0879,0.428,0.429,0.00041,C,0.168,-6.06,Major,0.049,127.173,0.182
0k17h0D3J5VfsdmQ1iZtE9,Pink Floyd,Europe,6mFkJmJqdDVQ1REhVfGgd1,Wish You Were Here,1975-09,progressive rock,77.0,False,334743,0.735,0.481,0.262,0.0114,G,0.832,-15.73,Major,0.0414,122.861,0.375
0k17h0D3J5VfsdmQ1iZtE9,Pink Floyd,Europe,4gMgiXfqyzZLMhsksGmbQV,"Another Brick in the Wall, Pt. 2",1979-11,progressive rock,76.0,False,238746,0.0782,0.693,0.394,0.000694,C,0.247,-15.882,Major,0.0428,104.114,0.721
0k17h0D3J5VfsdmQ1iZtE9,Pink Floyd,Europe,5HNCy40Ni5BZJFw1TKzRsC,Comfortably Numb,1979-11,progressive rock,74.0,False,382296,0.15,0.472,0.366,0.312,B,0.0837,-12.595,Minor,0.0286,127.163,0.171
0k17h0D3J5VfsdmQ1iZtE9,Pink Floyd,Europe,0vFOzaXqZHahrZp6enQwQb,Money,1973-03,progressive rock,73.0,False,382834,0.024,0.468,0.536,0.00199,B,0.269,-10.422,Minor,0.144,126.256,0.785
0k17h0D3J5VfsdmQ1iZtE9,Pink Floyd,Europe,3TO7bbrUKrOSPGRTB5MeCz,Time,1973-03,progressive rock,71.0,False,413947,0.521,0.359,0.48,0.0043,A,0.178,-11.79,Major,0.0841,120.285,0.355
0k17h0D3J5VfsdmQ1iZtE9,Pink Floyd,Europe,2ctvdKmETyOzPb2GiJJT53,Breathe (In the Air),1973-03,progressive rock,71.0,False,169534,0.389,0.431,0.373,0.728,B,0.143,-15.142,Minor,0.0346,128.153,0.253
0k17h0D3J5VfsdmQ1iZtE9,Pink Floyd,Europe,7aE5WXu5sFeNRh3Z05wwu4,Wish You Were Here - 2011 Remastered Version,1975-09,progressive rock,71.0,False,334744,0.735,0.481,0.262,0.0114,G,0.832,-15.73,Major,0.0414,122.883,0.375
0k17h0D3J5VfsdmQ1iZtE9,Pink Floyd,Europe,7F02x6EKYIQV3VcTaTm7oN,Hey You,1979-11,progressive rock,68.0,False,278440,0.223,0.587,0.302,0.00216,C,0.128,-14.976,Major,0.0293,112.46,0.19
0k17h0D3J5VfsdmQ1iZtE9,Pink Floyd,Europe,6pnwfWyaWjQiHCKTiZLItr,Shine On You Crazy Diamond (Pts. 1-5),1975-09,progressive rock,67.0,False,811077,0.772,0.264,0.294,0.686,G,0.107,-11.941,Minor,0.028,137.937,0.0402
0k17h0D3J5VfsdmQ1iZtE9,Pink Floyd,Europe,2TjdnqlpwOjhijHCwHCP2d,The Great Gig in the Sky,1973-03,progressive rock,67.0,False,283872,0.768,0.275,0.216,0.897,F,0.0832,-13.818,Major,0.0345,116.388,0.181
0k17h0D3J5VfsdmQ1iZtE9,Pink Floyd,Europe,05uGBKRCuePsf43Hfm0JwX,Brain Damage,1973-03,progressive rock,66.0,False,226666,0.0732,0.324,0.265,0.341,D,0.366,-13.398,Major,0.0302,133.568,0.208
0k17h0D3J5VfsdmQ1iZtE9,Pink Floyd,Europe,3CmHvyZQQAGkKkTjTBFWN6,Have a Cigar,1975-09,progressive rock,66.0,False,307733,0.407,0.454,0.65,0.0488,E,0.589,-10.191,Minor,0.0437,120.155,0.72
0k17h0D3J5VfsdmQ1iZtE9,Pink Floyd,Europe,1TKTiKp3zbNgrBH2IwSwIx,Us and Them,1973-03,progressive rock,66.0,False,469224,0.862,0.357,0.302,0.559,D,0.634,-14.526,Major,0.0303,72.518,0.135
0k17h0D3J5VfsdmQ1iZtE9,Pink Floyd,Europe,3ieDOGcOqVxScs2VZBzidt,Learning to Fly,1987-09,progressive rock,63.0,False,292080,0.252,0.442,0.56,0.0322,C,0.151,-13.681,Major,0.0361,166.585,0.475
0k17h0D3J5VfsdmQ1iZtE9,Pink Floyd,Europe,1GEOSS415bZVHNuXWlCT6b,Mother,1979-11,progressive rock,63.0,False,334893,0.243,0.578,0.15,0.00707,G,0.0825,-17.335,Major,0.0334,135.22,0.12
1dfeR4HaWDbWqFHLkxsg1d,Queen,Europe,4u7EnebtmKWzUH433cf5Qv,Bohemian Rhapsody - Remastered 2011,1975-11,classic rock,82.0,False,354320,0.271,0.414,0.404,0.0,C,0.3,-9.928,Minor,0.0499,71.105,0.224
1dfeR4HaWDbWqFHLkxsg1d,Queen,Europe,5T8EDUDqKcs6OSOwEsfqG7,Don't Stop Me Now - Remastered 2011,1978-11,classic rock,82.0,False,209413,0.0475,0.559,0.868,0.000176,F,0.776,-5.276,Major,0.17,156.295,0.609
1dfeR4HaWDbWqFHLkxsg1d,Queen,Europe,7tFiyTwD0nx5a1eklYtX2J,Bohemian Rhapsody - Remastered 2011,1975-11,classic rock,82.0,False,354320,0.254,0.397,0.396,0.0,D#,0.268,-9.91,Major,0.05,142.913,0.227
1dfeR4HaWDbWqFHLkxsg1d,Queen,Europe,5vdp5UmvTsnMEMESIF2Ym7,Another One Bites The Dust - Remastered 2011,1980-06,classic rock,82.0,False,214653,0.112,0.933,0.528,0.312,F,0.163,-6.472,Minor,0.161,109.967,0.754
1dfeR4HaWDbWqFHLkxsg1d,Queen,Europe,7hQJA50XrCWABAu5v6QZ4i,Don't Stop Me Now - Remastered,1978-11,classic rock,81.0,False,209413,0.0488,0.559,0.855,0.000681,F,0.68,-5.077,Major,0.186,156.311,0.605
1dfeR4HaWDbWqFHLkxsg1d,Queen,Europe,2fuCquhmrzHpu5xcA1ci9x,Under Pressure - Remastered,1982-05,classic rock,81.0,False,248440,0.429,0.671,0.712,0.0,D,0.103,-7.815,Major,0.0476,113.805,0.462
1dfeR4HaWDbWqFHLkxsg1d,Queen,Europe,4pbJqGIASGPr0ZpGpnWkDn,We Will Rock You - Remastered 2011,1977-10,classic rock,79.0,False,122066,0.676,0.692,0.497,0.0,D,0.259,-7.316,Major,0.119,81.308,0.475
1dfeR4HaWDbWqFHLkxsg1d,Queen,Europe,11IzgLRXV7Cgek3tEgGgjw,Under Pressure - Remastered,1982-05,classic rock,77.0,False,248440,0.444,0.667,0.705,0.0,D,0.107,-7.657,Major,0.0488,113.808,0.506
1dfeR4HaWDbWqFHLkxsg1d,Queen,Europe,6cFZ4PLC19taNlpl9pbGMf,Somebody To Love - Remastered 2011,1976-12,classic rock,77.0,False,296493,0.172,0.492,0.676,0.0,G#,0.239,-6.861,Major,0.0516,110.232,0.412
1dfeR4HaWDbWqFHLkxsg1d,Queen,Europe,54flyrjcdnQdco7300avMJ,We Will Rock You - Remastered,1977-10,classic rock,76.0,False,122067,0.688,0.692,0.488,0.0,B,0.4,-7.282,Minor,0.104,81.4,0.51
1dfeR4HaWDbWqFHLkxsg1d,Queen,Europe,1lCRw5FEZ1gPDNPzy1K4zW,We Are The Champions - Remastered 2011,1977-10,classic rock,76.0,False,179200,0.378,0.268,0.459,0.0,A#,0.118,-6.94,Major,0.0346,64.177,0.175
1dfeR4HaWDbWqFHLkxsg1d,Queen,Europe,3z8h0TU7ReDPLIbEnYhWZb,Bohemian Rhapsody,2018-10,classic rock,75.0,False,354947,0.287,0.39,0.397,0.0,C,0.207,-9.963,Minor,0.0513,144.031,0.246
1dfeR4HaWDbWqFHLkxsg1d,Queen,Europe,7GqWnsKhMtEW0nzki5o0d8,Killer Queen - Remastered 2011,1974-11,classic rock,74.0,False,179600,0.34,0.568,0.642,0.0,A#,0.171,-6.495,Major,0.0447,117.305,0.604
1dfeR4HaWDbWqFHLkxsg1d,Queen,Europe,6xdLJrVj4vIXwhuG8TMopk,Crazy Little Thing Called Love - Remastered 2011,1980-06,classic rock,74.0,False,163373,0.713,0.599,0.761,4.74e-06,C,0.349,-6.887,Major,0.0421,77.015,0.712
1dfeR4HaWDbWqFHLkxsg1d,Queen,Europe,57JVGBtBLCfHw2muk5416J,Another One Bites The Dust - Remastered 2011,1980-06,classic rock,74.0,False,214653,0.112,0.933,0.528,0.329,F,0.163,-6.472,Minor,0.162,109.975,0.756
4Z8W4fKeB5YxbusRsdQVPb,Radiohead,Europe,70LcF31zb1H0PyJoS1Sx1r,Creep,1993-02,art rock,85.0,True,238640,0.0097,0.515,0.43,0.000133,G,0.129,-9.935,Major,0.0372,91.844,0.104
4Z8W4fKeB5YxbusRsdQVPb,Radiohead,Europe,2fuYa3Lx06QQJAm0MjztKr,Let Down,1997-05,art rock,83.0,False,299560,0.000121,0.351,0.6759999999999999,0.113,A,0.18,-9.017,Major,0.0313,102.46,0.143
4Z8W4fKeB5YxbusRsdQVPb,Radiohead,Europe,10nyNJ6zNy2YVYLrcwLccB,No Surprises,1997-05,art rock,82.0,False,229120,0.0577,0.255,0.393,0.00361,F,0.113,-10.654,Major,0.0278,76.426,0.118
4Z8W4fKeB5YxbusRsdQVPb,Radiohead,Europe,5Qv2Nby1xTr9pQyjkrc94J,All I Need,2007-12,art rock,82.0,False,228747,0.531,0.67,0.478,0.428,E,0.138,-8.689,Minor,0.0355,88.014,0.0997
4Z8W4fKeB5YxbusRsdQVPb,Radiohead,Europe,6b2oQwSGFkzsMtQruIWm2p,Creep,1993-02,art rock,78.0,True,238640,0.0102,0.515,0.43,0.000141,G,0.129,-9.935,Major,0.0369,91.841,0.104
4Z8W4fKeB5YxbusRsdQVPb,Radiohead,Europe,2kRFrWaLWiKq48YYVdGcm8,Everything In Its Right Place,2000-10,art rock,78.0,False,251427,0.705,0.296,0.4629999999999999,0.0482,F,0.0954,-11.412,Minor,0.0449,123.943,0.0629
4Z8W4fKeB5YxbusRsdQVPb,Radiohead,Europe,63OQupATfueTdZMWTxW03A,Karma Police,1997-05,art rock,76.0,False,264066,0.0638,0.36,0.501,9.32e-05,G,0.172,-9.129,Major,0.0258,74.807,0.324
4Z8W4fKeB5YxbusRsdQVPb,Radiohead,Europe,1dyTcli07c77mtQK3ahUZR,Just,1995-03,art rock,76.0,False,234800,0.000401,0.291,0.767,0.012,G,0.0763,-6.912999999999999,Minor,0.0862,175.702,0.359
4Z8W4fKeB5YxbusRsdQVPb,Radiohead,Europe,2a1iMaoWQ5MnvLFBDv4qkf,High and Dry,1995-03,art rock,75.0,False,257480,0.0724,0.419,0.383,0.0176,E,0.0896,-11.782,Major,0.0256,87.568,0.35
4Z8W4fKeB5YxbusRsdQVPb,Radiohead,Europe,0z1o5L7HJx562xZSATcIpY,Exit Music (For A Film),1997-05,art rock,73.0,False,267186,0.224,0.293,0.276,0.122,E,0.167,-11.357,Minor,0.0349,121.603,0.195
4Z8W4fKeB5YxbusRsdQVPb,Radiohead,Europe,6UO72VSXEONxdfLyABihs9,Black Star,1995-03,art rock,73.0,False,247040,0.00312,0.289,0.555,0.0496,G,0.27,-7.434,Major,0.0402,158.671,0.306
4Z8W4fKeB5YxbusRsdQVPb,Radiohead,Europe,2QwObYJWyJTiozvs0RI7CF,Street Spirit (Fade Out),1995-03,art rock,73.0,False,253853,0.317,0.488,0.4539999999999999,0.6940000000000001,E,0.179,-11.544,Minor,0.0304,138.076,0.131
4Z8W4fKeB5YxbusRsdQVPb,Radiohead,Europe,73CKjW3vsUXRpy3NnX4H7F,Fake Plastic Trees,1995-03,art rock,72.0,False,290706,0.167,0.463,0.229,0.0997,D,0.202,-12.592,Major,0.0297,73.543,0.135
4Z8W4fKeB5YxbusRsdQVPb,Radiohead,Europe,4wajJ1o7jWIg62YqpkHC7S,Weird Fishes/ Arpeggi,2007-12,art rock,71.0,False,318186,0.772,0.531,0.61,0.756,B,0.0908,-8.025,Minor,0.0387,152.958,0.199
4Z8W4fKeB5YxbusRsdQVPb,Radiohead,Europe,3SVAN3BRByDmHOhKyIDxfC,Karma Police,1997-05,art rock,71.0,False,264067,0.0626,0.36,0.505,9.22e-05,G,0.172,-9.129,Major,0.026,74.807,0.317
24b231EnCM3BkpiuWs5VBE,SID,Japan,5XmWr9rlKvjMLmnq2A5HF5,乱舞のメロディ,2016-01,anime,60.0,False,232666,0.00224,0.417,0.966,1.97e-06,E,0.145,-3.072,Major,0.194,192.067,0.623
24b231EnCM3BkpiuWs5VBE,SID,Japan,0ODOmKxO0CKv4DzoP3HHIC,嘘,2009-07,anime,60.0,False,205973,0.0118,0.438,0.939,0.0,B,0.212,-3.545,Minor,0.0586,179.853,0.842
24b231EnCM3BkpiuWs5VBE,SID,Japan,2LZ9iobmtiQa52mZMIebuH,レイン,2011-02,anime,55.0,False,255533,0.0286,0.585,0.795,0.0,C#,0.122,-4.905,Minor,0.0293,94.964,0.666
24b231EnCM3BkpiuWs5VBE,SID,Japan,4hKUNjXvTRp1Xpv9n4O8IK,レイン,2010-06,anime,49.0,False,256213,0.0271,0.597,0.793,0.0,C#,0.134,-4.829,Minor,0.0272,94.996,0.641
24b231EnCM3BkpiuWs5VBE,SID,Japan,5jk82X7QYlmur5m6BtK16v,Uso,2004-01,anime,48.0,False,204853,0.0175,0.431,0.947,0.0,B,0.265,-3.417,Minor,0.0629,179.833,0.837
24b231EnCM3BkpiuWs5VBE,SID,Japan,5S8j78C6AeKlTGUFmkFxHy,Ranbu No Melody,2018-04,anime,45.0,False,233347,0.000618,0.344,0.972,0.0,C#,0.15,-2.403,Minor,0.159,192.099,0.437
24b231EnCM3BkpiuWs5VBE,SID,Japan,7wiweCvxdbBw2mTP3AaY9q,Rain,2004-01,anime,45.0,False,256067,0.0285,0.599,0.801,0.0,C#,0.126,-4.912,Minor,0.0276,94.955,0.65
24b231EnCM3BkpiuWs5VBE,SID,Japan,2hL6glHaKALSyovBH8xeKN,Monocro No Kiss (Anime Version),2015-04,anime,41.0,False,91320,0.0199,0.51,0.787,0.0,F,0.4,-9.352,Major,0.0725,150.02,0.623
24b231EnCM3BkpiuWs5VBE,SID,Japan,33EtkjdM88wGLAmjZvhpCQ,Enamel,2018-04,anime,38.0,False,215867,0.000263,0.524,0.873,0.0,F,0.357,-4.62,Minor,0.0557,112.023,0.5
24b231EnCM3BkpiuWs5VBE,SID,Japan,5uUKFRokatQocL7ciyYIkW,Monokuro No Kiss,2018-04,anime,37.0,False,239253,0.00074,0.44,0.9,0.0,A#,0.386,-3.26,Major,0.0777,149.874,0.565
24b231EnCM3BkpiuWs5VBE,SID,Japan,17ONFRGy5LlsuYDJ10L9Fl,V.I.P,2018-04,anime,35.0,False,193813,0.00169,0.47,0.95,0.0,G,0.307,-2.693,Major,0.068,92.45,0.751
24b231EnCM3BkpiuWs5VBE,SID,Japan,0sIm3T9kShSq0AcY8gUMte,Enamel - Anime Version,2015-04,anime,28.0,False,93307,0.00194,0.561,0.918,0.0,F,0.344,-4.59,Minor,0.0676,112.06,0.528
24b231EnCM3BkpiuWs5VBE,SID,Japan,31axenqkfgR8lDDqH65lPz,Alibi,2005-11,anime,27.0,False,244440,0.164,0.587,0.889,3.26e-06,B,0.325,-3.862,Minor,0.0452,145.983,0.943
24b231EnCM3BkpiuWs5VBE,SID,Japan,1jJryrr3QmP2H1YAiSel7s,ANNIVERSARY,2018-04,anime,26.0,False,250320,0.000449,0.364,0.91,0.0567,C,0.237,-3.378,Major,0.069,165.036,0.549
24b231EnCM3BkpiuWs5VBE,SID,Japan,3HgFbIMoiOWOqx6UsGeU4A,Garasuno Hitomi,2018-04,anime,25.0,False,240933,0.02,0.39,0.941,3.96e-06,A#,0.0861,-3.601,Major,0.0674,180.149,0.66
1YLxQZIGsaZq9rvFu8zeRz,Sayuri,Japan,1yt4wO7dKCwsfjch8SN9aU,花の塔,2022-07,anime,67.0,False,275614,0.0242,0.486,0.948,0.0286,A,0.137,-1.59,Major,0.122,170.015,0.507
1YLxQZIGsaZq9rvFu8zeRz,Sayuri,Japan,7FOeR1X65DEG4KjpVhNC4Z,それは小さな光のような,2016-02,anime,52.0,False,272906,0.109,0.492,0.959,0.0,G,0.0796,0.698,Minor,0.0535,143.966,0.349
1YLxQZIGsaZq9rvFu8zeRz,Sayuri,Japan,206gqT4spFnIoGwuCpwR79,平行線,2017-05,anime,51.0,False,298760,0.102,0.387,0.879,0.0139,G#,0.0338,-0.684,Major,0.0706,191.027,0.604
1YLxQZIGsaZq9rvFu8zeRz,Sayuri,Japan,6jZBvlt3xG6gdPh1vFMBhs,航海の唄,2019-11,anime,48.0,False,284133,0.0124,0.359,0.949,0.00511,F#,0.0352,-0.413,Minor,0.0841,180.025,0.302
1YLxQZIGsaZq9rvFu8zeRz,Sayuri,Japan,1s0QbmRVJ6AK4ICc44tJtB,Dawn,2018-12,anime,48.0,False,315907,0.00116,0.214,0.983,0.00017,A#,0.24,-1.395,Minor,0.179,185.116,0.241
1YLxQZIGsaZq9rvFu8zeRz,Sayuri,Japan,4g7aKp5x4AXEd9KGg8C0T7,Moon & Bouquet,2018-02,anime,45.0,False,278280,0.0376,0.264,0.954,0.0111,E,0.313,-0.644,Major,0.108,175.6,0.272
1YLxQZIGsaZq9rvFu8zeRz,Sayuri,Japan,70x1gFEIOwPaFY0XYR31OV,Proust,2018-02,anime,37.0,False,275387,0.0112,0.374,0.883,4.67e-05,A#,0.147,-2.166,Minor,0.0485,103.94,0.642
1YLxQZIGsaZq9rvFu8zeRz,Sayuri,Japan,4KQTgmkSEBzsGS3qL1aX7G,それは小さな光のような,2016-03,anime,36.0,False,272916,0.109,0.492,0.959,0.0,G,0.0796,0.698,Minor,0.0535,143.966,0.349
1YLxQZIGsaZq9rvFu8zeRz,Sayuri,Japan,1i0qzWu9j32pYCbfYOLGap,夜明けの詩-「め」弾き語りver.- - me Hikigatari Version,2020-06,anime,0.0,False,282800,0.7759999999999999,0.5539999999999999,0.654,0.0,G#,0.09,-3.051,Minor,0.0494,125.049,0.4379999999999999
1YLxQZIGsaZq9rvFu8zeRz,Sayuri,Japan,3d8gMtR1RAFU8WNeG9lCfU,ミカヅキ-「め」弾き語りver.- - me Hikigatari Version,2020-06,anime,0.0,False,261333,0.752,0.737,0.639,9.41e-06,B,0.119,-1.116,Major,0.0353,126.045,0.479
1YLxQZIGsaZq9rvFu8zeRz,Sayuri,Japan,4lg1b9KMH5OWt0wrB8RBdd,平行線-「め」弾き語りver.- - me Hikigatari Version,2020-06,anime,0.0,False,308493,0.703,0.7490000000000001,0.606,1.09e-06,C#,0.0923,-1.036,Major,0.0499,94.95,0.505
1YLxQZIGsaZq9rvFu8zeRz,Sayuri,Japan,4gzVvGlG7ZCtBLfZCaBPfz,アノニマス-「め」弾き語りver.- - me Hikigatari Version,2020-06,anime,0.0,False,265960,0.821,0.815,0.7929999999999999,0.0,F,0.285,-0.409,Minor,0.0456,123.899,0.5589999999999999
1YLxQZIGsaZq9rvFu8zeRz,Sayuri,Japan,5SJV8AFhACG3MnsLGYLWbx,フラレガイガール-「め」弾き語りver.- - me Hikigatari Version,2020-06,anime,0.0,False,370973,0.8740000000000001,0.623,0.476,0.0,E,0.106,-2.492,Major,0.0534,149.92,0.368
1YLxQZIGsaZq9rvFu8zeRz,Sayuri,Japan,5Ck8hcNpMmO7y10nZtfPtn,それは小さな光のような-「め」弾き語りver.- - me Hikigatari Version,2020-06,anime,0.0,False,269947,0.8340000000000001,0.775,0.5670000000000001,0.0,A#,0.185,-2.189,Major,0.0477,144.078,0.208
1YLxQZIGsaZq9rvFu8zeRz,Sayuri,Japan,3BeNOEvEZHdSYhQ7ONfn5p,birthday song-「め」弾き語りver.- - me Hikigatari Version,2020-06,anime,0.0,False,318053,0.7290000000000001,0.794,0.551,0.0,D#,0.0651,-2.125,Major,0.0405,106.107,0.696
4rqJz9fE9prZvQd8WsQv6q,THE ORAL CIGARETTES,Japan,38kcwx5znepLWCIBID0Bwm,Kyouran Hey Kids!!,2016-01,j-rock,69.0,False,250973,0.00318,0.526,0.981,0.00161,G#,0.187,-1.82,Major,0.111,142.016,0.781
4rqJz9fE9prZvQd8WsQv6q,THE ORAL CIGARETTES,Japan,3EEaEEltAaQAp0EhIwJEaK,Kizukeyo Baby,2016-01,j-rock,47.0,False,253747,0.001,0.57,0.954,1.01e-05,C#,0.325,-2.122,Minor,0.0571,141.962,0.936
4rqJz9fE9prZvQd8WsQv6q,THE ORAL CIGARETTES,Japan,7Aheu473SQ437ZkhFmOg7i,A-E-U-I,2016-01,j-rock,44.0,False,237547,0.00113,0.435,0.939,3.59e-06,F,0.166,-2.254,Minor,0.0558,170.035,0.537
4rqJz9fE9prZvQd8WsQv6q,THE ORAL CIGARETTES,Japan,2BTsh25x45DtCFF76SFhrG,Wagamama De Gomakasanaide,2019-01,j-rock,43.0,False,257271,0.00937,0.498,0.97,1.3e-05,G,0.122,-2.188,Minor,0.0702,141.903,0.657
4rqJz9fE9prZvQd8WsQv6q,THE ORAL CIGARETTES,Japan,0gahbZxNz6wn2Gz3IBsS8o,Toorisugita Kisetsu No Sora De,2016-01,j-rock,40.0,False,196453,0.00315,0.49,0.955,0.0,G#,0.335,-3.015,Minor,0.0736,142.037,0.735
4rqJz9fE9prZvQd8WsQv6q,THE ORAL CIGARETTES,Japan,3QhErQyRtXeW2BjOD9SbVb,BLACK MEMORY,2017-09,j-rock,40.0,False,251340,5.5e-05,0.405,0.943,9.13e-06,F#,0.0766,-2.833,Major,0.0916,181.911,0.612
4rqJz9fE9prZvQd8WsQv6q,THE ORAL CIGARETTES,Japan,5EDKnh4YAoXgFaQVJ02wSh,ReI,2018-02,j-rock,40.0,False,257329,0.000387,0.319,0.981,0.000447,G#,0.17,-2.981,Major,0.253,185.966,0.431
4rqJz9fE9prZvQd8WsQv6q,THE ORAL CIGARETTES,Japan,0zMElbRUCQU6Y2CnEO3jGY,5150,2017-02,j-rock,38.0,False,242144,0.000896,0.457,0.918,3.08e-06,D,0.323,-3.953,Minor,0.0508,96.016,0.486
4rqJz9fE9prZvQd8WsQv6q,THE ORAL CIGARETTES,Japan,692JISES18uZusvATsmv5h,Kantannakoto,2016-01,j-rock,37.0,False,214587,0.00161,0.341,0.982,0.0,G#,0.355,-1.341,Minor,0.132,134.065,0.798
4rqJz9fE9prZvQd8WsQv6q,THE ORAL CIGARETTES,Japan,38Xe3EIdBXJkv3dU0oRXos,STAY ONE,2016-01,j-rock,36.0,False,213493,0.00589,0.382,0.974,0.0,D,0.302,-1.85,Major,0.08,99.404,0.615
4rqJz9fE9prZvQd8WsQv6q,THE ORAL CIGARETTES,Japan,1ZwRI1mol5gIAthygVVfhe,MIRROR,2016-01,j-rock,35.0,False,215107,0.000691,0.516,0.958,0.000194,D,0.425,-2.248,Major,0.0564,100.961,0.805
4rqJz9fE9prZvQd8WsQv6q,THE ORAL CIGARETTES,Japan,0ZxIqIuDCLiRULZlaIXNme,Shala La,2017-02,j-rock,34.0,False,197412,0.000516,0.576,0.902,1.07e-05,B,0.114,-4.526,Minor,0.074,96.039,0.666
4rqJz9fE9prZvQd8WsQv6q,THE ORAL CIGARETTES,Japan,3pKq6lWAKBhcxZCVy1hUqC,CATCH ME,2017-02,j-rock,34.0,False,204811,0.00457,0.544,0.942,0.0,D,0.366,-2.9,Major,0.0615,91.984,0.665
4rqJz9fE9prZvQd8WsQv6q,THE ORAL CIGARETTES,Japan,1PubxlFeesWDghC3B9I280,Amy,2016-01,j-rock,33.0,False,294573,0.000154,0.371,0.912,1.18e-06,D,0.0964,-3.697,Major,0.0367,181.924,0.469
4rqJz9fE9prZvQd8WsQv6q,THE ORAL CIGARETTES,Japan,44KIthbhFgLiK2tRtQeGVE,Manner Mode,2016-01,j-rock,32.0,False,229227,0.0193,0.665,0.925,2.14e-06,B,0.189,-2.844,Minor,0.12,126.013,0.862
7t0rwkOPGlDPEhaOcVtOt9,The Cranberries,Europe,7EZC6E7UjZe63f1jRmkWxt,Zombie,1994-10,rock,82.0,False,306440,0.0158,0.309,0.649,0.00591,G,0.367,-8.994,Major,0.035,166.915,0.312
7t0rwkOPGlDPEhaOcVtOt9,The Cranberries,Europe,2IZZqH4K02UIYg5EohpNHF,Zombie,1994-10,pop,81.0,False,306411,0.0163,0.299,0.613,0.00359,G,0.368,-9.012,Major,0.0347,166.96,0.306
7t0rwkOPGlDPEhaOcVtOt9,The Cranberries,Europe,0gEyKnHvgkrkBM6fbeHdwK,Linger,1993-03,pop,76.0,False,274707,0.0783,0.439,0.434,4.87e-05,G,0.14,-14.918,Major,0.0265,94.845,0.204
7t0rwkOPGlDPEhaOcVtOt9,The Cranberries,Europe,4JGKZS7h4Qa16gOU3oNETV,Dreams,1993-03,pop,73.0,False,271560,0.00313,0.551,0.643,0.00385,E,0.421,-13.091,Major,0.0353,128.661,0.514
7t0rwkOPGlDPEhaOcVtOt9,The Cranberries,Europe,1AWXiUQjoQfcmqaBEtaOoL,Ode To My Family,1994-10,rock,69.0,False,270707,0.0706,0.374,0.445,1.05e-06,G,0.361,-10.115,Major,0.0236,95.313,0.148
7t0rwkOPGlDPEhaOcVtOt9,The Cranberries,Europe,1qylvO4iCIZZcqc4TqSjTZ,Zombie - Acoustic Version,2017-04,pop,67.0,False,241560,0.00414,0.469,0.427,3.77e-05,E,0.128,-7.954,Minor,0.0241,84.053,0.0821
7t0rwkOPGlDPEhaOcVtOt9,The Cranberries,Europe,3J58Ccc5iTbCRnYx2xjo6d,Animal Instinct,1999-04,rock,60.0,False,211067,0.089,0.61,0.85,0.0,E,0.256,-5.411,Minor,0.0307,132.174,0.604
7t0rwkOPGlDPEhaOcVtOt9,The Cranberries,Europe,0f0k0OJ9VbaLHX4J1t2qUy,Just My Imagination,1999-04,rock,60.0,False,221293,0.257,0.545,0.797,3.86e-06,A#,0.0884,-5.315,Major,0.0252,100.464,0.852
7t0rwkOPGlDPEhaOcVtOt9,The Cranberries,Europe,0hrFgGoNb8iaXR4WiuYGdY,The Pressure,2019-03,rock,56.0,False,201760,0.00166,0.588,0.65,1.09e-06,C,0.199,-4.593,Major,0.0257,117.999,0.183
7t0rwkOPGlDPEhaOcVtOt9,The Cranberries,Europe,15Trb1S2FDZSMLDzWfnlbg,Promises,1999-04,rock,56.0,False,327573,0.0628,0.501,0.864,0.0,E,0.169,-3.231,Minor,0.0502,130.063,0.247
7t0rwkOPGlDPEhaOcVtOt9,The Cranberries,Europe,3EXrtClWmgsM7dw75Mw2M1,When You're Gone,1996-04,rock,55.0,False,296200,0.344,0.467,0.531,5.72e-05,D#,0.0687,-7.138,Major,0.0265,187.252,0.353
7t0rwkOPGlDPEhaOcVtOt9,The Cranberries,Europe,4wUAQIiwXE4i1jPFWvz9zf,I Can't Be With You,1994-10,rock,51.0,False,187827,0.0704,0.477,0.744,8.8e-06,A#,0.125,-10.394,Major,0.0327,130.56,0.667
7t0rwkOPGlDPEhaOcVtOt9,The Cranberries,Europe,1ayRJ4dlr48VJ3FK6uPq2i,Salvation,1996-04,rock,50.0,False,142907,0.000648,0.327,0.979,2.66e-05,A#,0.317,-4.527,Major,0.0787,169.012,0.873
7t0rwkOPGlDPEhaOcVtOt9,The Cranberries,Europe,45ipml9tB0PVrLFAJegcWE,Dreaming My Dreams,1994-10,rock,50.0,False,216333,0.131,0.321,0.204,6.93e-05,C,0.0776,-16.193,Major,0.0319,121.805,0.439
7t0rwkOPGlDPEhaOcVtOt9,The Cranberries,Europe,5uMHnkSFTkYV764nfjoGKM,The Pressure,2019-04,rock,49.0,False,201760,0.00166,0.588,0.65,1.09e-06,C,0.199,-4.593,Major,0.0257,117.999,0.183
5NGO30tJxFlKixkPSgXcFE,The Police,Europe,1JSTJqkT5qHq8MDJnJbRE1,Every Breath You Take,1983-06,rock,86.0,False,253920,0.543,0.82,0.452,0.00294,C#,0.0714,-9.796,Major,0.0348,117.401,0.74
5NGO30tJxFlKixkPSgXcFE,The Police,Europe,3EYOJ48Et32uATr9ZmLnAo,Roxanne,1978-11,rock,77.0,False,191947,0.0384,0.618,0.748,4.1e-06,C,0.0473,-8.905,Major,0.358,134.114,0.663
5NGO30tJxFlKixkPSgXcFE,The Police,Europe,2sXp9Qmvc7mRaDBjBgcGGi,Every Breath You Take - Remastered 2003,1983-06,dance,75.0,False,253887,0.56,0.813,0.46,0.0105,C#,0.0724,-9.78,Major,0.0346,117.387,0.729
5NGO30tJxFlKixkPSgXcFE,The Police,Europe,1oYYd2gnWZYrt89EBXdFiO,Message In A Bottle,1979-10,rock,74.0,False,290280,0.0338,0.577,0.808,1.33e-05,C#,0.221,-7.04,Minor,0.039,151.008,0.869
5NGO30tJxFlKixkPSgXcFE,The Police,Europe,0SNGe4xksgp7CGnY5kMXOJ,Every Breath You Take,2017-10,dance,69.0,False,251573,0.559,0.822,0.478,0.0073,C#,0.0813,-8.746,Major,0.0343,117.394,0.722
5NGO30tJxFlKixkPSgXcFE,The Police,Europe,0SYRVn2YF7HBscQEmlkpTI,Roxanne - Remastered 2003,1978-11,dance,68.0,False,191947,0.026,0.608,0.746,2.39e-06,C,0.043,-8.851,Major,0.354,134.03,0.745
5NGO30tJxFlKixkPSgXcFE,The Police,Europe,5xD021bM8VbqrhCVhxRozx,Message In A Bottle - Remastered 2003,1979-10,dance,66.0,False,290280,0.0338,0.582,0.81,1.68e-05,C#,0.202,-7.024,Minor,0.0396,151.006,0.875
5NGO30tJxFlKixkPSgXcFE,The Police,Europe,5pDmunv6G71w7NSjOPXbYw,Every Little Thing She Does Is Magic - Remastered 2003,1981-10,dance,65.0,False,260573,0.127,0.535,0.745,0.0792,D,0.179,-10.123,Major,0.0335,163.913,0.376
5NGO30tJxFlKixkPSgXcFE,The Police,Europe,4DIRsQfLk2mfcrIOQNgAlm,Don't Stand So Close To Me - Remastered 2003,1980-10,dance,56.0,False,242667,0.0451,0.806,0.499,0.000729,D,0.038,-9.524,Major,0.0642,140.337,0.505
5NGO30tJxFlKixkPSgXcFE,The Police,Europe,0rN5OBAJpd9bw7uvvJsRek,So Lonely - Remastered 2003,1978-11,dance,55.0,False,289587,0.0163,0.518,0.582,1.54e-06,G,0.0836,-8.407,Major,0.152,77.737,0.697
5NGO30tJxFlKixkPSgXcFE,The Police,Europe,6ScRklja1Dsx1MJFHIDkYG,Walking On The Moon - Remastered 2003,1979-10,dance,54.0,False,300827,0.002,0.638,0.356,0.0218,C,0.172,-12.831,Major,0.055,145.996,0.271
5NGO30tJxFlKixkPSgXcFE,The Police,Europe,6dCaDrOopBA82tBGFzp9nd,King Of Pain - Remastered 2003,1983-06,dance,52.0,False,299040,0.411,0.536,0.714,0.000187,D,0.0703,-8.865,Major,0.0334,124.052,0.693
5NGO30tJxFlKixkPSgXcFE,The Police,Europe,1n7NZSDJsMum8SN08oG8Ya,"De Do Do Do, De Da Da Da - Remastered 2003",1980-10,dance,51.0,False,247293,0.0777,0.788,0.54,0.0419,A,0.287,-8.897,Major,0.0512,147.836,0.835
5NGO30tJxFlKixkPSgXcFE,The Police,Europe,6eXovJdAhh26KFdpicZScW,Roxanne,1993-01,dance,50.0,False,194760,0.0643,0.593,0.635,0.0,F,0.0261,-11.474,Major,0.431,133.137,0.786
5NGO30tJxFlKixkPSgXcFE,The Police,Europe,57ljIAuzZgBSzHr3hLYzLZ,Wrapped Around Your Finger - Remastered 2003,1983-06,dance,50.0,False,313707,0.0897,0.742,0.444,0.000329,A,0.0577,-11.47,Minor,0.0351,127.663,0.588
22bE4uQ6baNwSHPVcDxLCe,The Rolling Stones,Europe,63T7DJ1AFDD6Bn8VzG6JE8,"Paint It, Black",1966-04,classic rock,80.0,False,202266,0.0493,0.464,0.795,0.00244,C#,0.399,-9.267,Major,0.0926,158.691,0.612
22bE4uQ6baNwSHPVcDxLCe,The Rolling Stones,Europe,2PzU4IB8Dr6mxV3lHuaG34,(I Can't Get No) Satisfaction - Mono Version,1965-07,classic rock,77.0,False,222813,0.0383,0.723,0.863,0.0317,D,0.128,-7.89,Major,0.0338,136.302,0.931
22bE4uQ6baNwSHPVcDxLCe,The Rolling Stones,Europe,6H3kDe7CGoWYBabAeVWGiD,Gimme Shelter,1969-12,classic rock,77.0,False,270773,0.447,0.634,0.63,0.039,C#,0.17,-8.277,Minor,0.031,118.628,0.489
22bE4uQ6baNwSHPVcDxLCe,The Rolling Stones,Europe,7HKez549fwJQDzx3zLjHKC,Start Me Up - Remastered 2009,1981-08,classic rock,77.0,False,213066,0.0436,0.631,0.932,0.137,F,0.0918,-4.142,Major,0.0354,122.429,0.971
22bE4uQ6baNwSHPVcDxLCe,The Rolling Stones,Europe,1Ud6moTC0KyXMq1Oxfien0,Sympathy For The Devil - 50th Anniversary Edition,1968-12,classic rock,74.0,False,378146,0.518,0.702,0.668,0.0,A,0.0588,-9.237,Major,0.214,116.063,0.561
22bE4uQ6baNwSHPVcDxLCe,The Rolling Stones,Europe,77oU2rjC5XbjQfNe3bD6so,Beast Of Burden - Remastered 1994,1978-06,classic rock,73.0,False,265173,0.39,0.783,0.878,0.000778,C#,0.0426,-3.864,Minor,0.0308,100.626,0.885
22bE4uQ6baNwSHPVcDxLCe,The Rolling Stones,Europe,1GcVa4jFySlun4jLSuMhiq,Angie,1973-08,classic rock,72.0,False,272000,0.67,0.429,0.554,0.000152,A,0.105,-6.128,Minor,0.0291,136.302,0.407
22bE4uQ6baNwSHPVcDxLCe,The Rolling Stones,Europe,52dm9op3rbfAkc1LGXgipW,Wild Horses - 2009 Mix,1971-04,classic rock,69.0,False,341773,0.687,0.432,0.389,0.0107,G,0.0788,-6.517,Major,0.0255,139.506,0.158
22bE4uQ6baNwSHPVcDxLCe,The Rolling Stones,Europe,3hJLKtTpgct9Y9wKww0BiR,Miss You - Remastered,1978-06,classic rock,69.0,False,288666,0.443,0.795,0.71,0.0215,A,0.344,-4.746,Minor,0.0392,109.689,0.845
22bE4uQ6baNwSHPVcDxLCe,The Rolling Stones,Europe,6lFZbCc7pn6Lme1NP7qQqQ,You Can't Always Get What You Want,1969-12,classic rock,68.0,False,448720,0.64,0.32,0.62,6.36e-05,C,0.253,-9.686,Major,0.0594,86.327,0.472
22bE4uQ6baNwSHPVcDxLCe,The Rolling Stones,Europe,6KOtheMY0KN4s9TrQHr9It,She's A Rainbow,2020-10,classic rock,67.0,False,253720,0.467,0.464,0.824,0.018,A#,0.33,-7.359,Major,0.0374,109.298,0.539
22bE4uQ6baNwSHPVcDxLCe,The Rolling Stones,Europe,61UuPxxYUvacEH6SHIK3sU,Brown Sugar - 2009 Remaster,1971-04,classic rock,67.0,False,228666,0.219,0.633,0.934,0.00021,C,0.0592,-3.594,Major,0.0344,128.606,0.963
22bE4uQ6baNwSHPVcDxLCe,The Rolling Stones,Europe,1uBsu3PbD2909UBIfEMLvK,Jumpin' Jack Flash,2021-05,classic rock,65.0,False,222933,0.0744,0.595,0.885,0.534,D#,0.0844,-7.688,Major,0.0518,137.243,0.643
22bE4uQ6baNwSHPVcDxLCe,The Rolling Stones,Europe,5lmGgOaixbwKHtpTzjJoqx,Under My Thumb,1966-04,classic rock,65.0,False,221533,0.299,0.732,0.494,0.205,F#,0.0919,-13.571,Minor,0.0406,126.986,0.799
22bE4uQ6baNwSHPVcDxLCe,The Rolling Stones,Europe,75zMKn5euxQdlkZgu4P42J,Sympathy For The Devil,1989-08,classic rock,64.0,False,376800,0.61,0.728,0.681,0.0,A,0.0559,-10.943,Major,0.221,115.944,0.578
51Blml2LZPmy7TTiAg47vQ,U2,Europe,6ADSaE87h8Y3lccZlBJdXH,With Or Without You - Remastered,1987-03,rock,79.0,False,295516,0.000207,0.543,0.432,0.369,D,0.146,-11.832,Major,0.0288,110.196,0.107
51Blml2LZPmy7TTiAg47vQ,U2,Europe,6wpGqhRvJGNNXwWlPmkMyO,I Still Haven't Found What I'm Looking For,1987-03,rock,76.0,False,277477,0.0157,0.566,0.783,0.003,C#,0.0806,-9.412,Major,0.0363,100.864,0.587
51Blml2LZPmy7TTiAg47vQ,U2,Europe,3G69vJMWsX6ZohTykad2AU,One,1991-11,rock,76.0,False,276187,0.245,0.392,0.534,0.00104,C,0.155,-8.793,Major,0.0369,181.305,0.325
51Blml2LZPmy7TTiAg47vQ,U2,Europe,0gzqZ9d1jIKo9psEIthwXe,Beautiful Day,2000-01,rock,72.0,False,248400,0.0154,0.536,0.928,0.00134,B,0.2,-6.492,Minor,0.0589,136.258,0.389
51Blml2LZPmy7TTiAg47vQ,U2,Europe,6C4LXC9UFH1IKiHYOp0BiJ,Sunday Bloody Sunday - Remastered 2008,1983-02,rock,71.0,False,279440,0.402,0.543,0.944,0.000564,F#,0.0373,-7.495,Major,0.0543,101.174,0.735
51Blml2LZPmy7TTiAg47vQ,U2,Europe,4nuUssdgKFy2QyYHHNkZQW,Sunday Bloody Sunday - Remastered 2008,1983-02,rock,66.0,False,279440,0.402,0.543,0.944,0.000564,F#,0.0373,-7.495,Major,0.0543,101.174,0.735
51Blml2LZPmy7TTiAg47vQ,U2,Europe,4qgZs0RNjdzKAS22lP0QjY,Where The Streets Have No Name - Remastered,1987-03,rock,65.0,False,337506,0.011,0.495,0.728,0.00353,D,0.151,-9.549,Major,0.0385,125.81,0.218
51Blml2LZPmy7TTiAg47vQ,U2,Europe,7ndGFo9nZ108KPgXtfYWCe,Sweetest Thing,1987-03,rock,65.0,False,184543,0.0404,0.521,0.651,1.32e-05,C,0.16,-8.999,Major,0.0516,141.612,0.512
51Blml2LZPmy7TTiAg47vQ,U2,Europe,4D01oA1mGouaAT7fubvKRT,Desire,1988-10,rock,65.0,False,179360,0.000212,0.49,0.827,0.00406,G#,0.112,-9.481,Major,0.0482,108.577,0.626
51Blml2LZPmy7TTiAg47vQ,U2,Europe,1VuBmEauSZywQVtqbxNqka,Beautiful Day,2000-01,rock,64.0,False,248067,0.0144,0.537,0.921,0.00479,D,0.382,-6.474,Major,0.0481,136.264,0.467
51Blml2LZPmy7TTiAg47vQ,U2,Europe,2dhJM2skHC9D41gHj34Kgw,You’re The Best Thing About Me,2017-12,rock,62.0,False,225400,0.00235,0.656,0.772,1.07e-06,D,0.249,-6.688,Major,0.0376,117.038,0.822
51Blml2LZPmy7TTiAg47vQ,U2,Europe,50JK22El2PTIzZBU2liLDI,Mysterious Ways,1991-11,rock,62.0,False,243587,0.00156,0.674,0.659,0.00765,G#,0.108,-8.049,Major,0.0277,99.768,0.697
51Blml2LZPmy7TTiAg47vQ,U2,Europe,34sL4eaI8UKWOyYpCvoboU,All I Want Is You,1988-10,rock,61.0,False,389933,0.106,0.239,0.442,0.0411,C#,0.0738,-11.494,Major,0.0308,185.723,0.4
51Blml2LZPmy7TTiAg47vQ,U2,Europe,3dh2LlmeMqKJbzn2WUgt3d,Pride (In The Name Of Love) - Remastered 2009,1984-10,rock,59.0,False,228427,0.0016,0.464,0.839,0.000326,E,0.601,-7.106,Major,0.0329,105.756,0.75
51Blml2LZPmy7TTiAg47vQ,U2,Europe,0T702y9ndzZTnPq1bqiAM2,I Will Follow - Remastered 2008,1980-10,rock,58.0,False,217387,0.000377,0.355,0.903,3.34e-05,G#,0.31,-6.844,Major,0.0811,155.265,0.626
3PzqP5IkpLhlSdZLh7jwPn,WagakkiBand,Japan,7CoHfAmqnUaU2qa9SGrMrx,千本桜 - 八奏絵巻ver.,2015-09,j-rock,45.0,False,268413,0.0169,0.576,0.974,0.000386,D,0.179,-3.806,Minor,0.0988,152.989,0.682
3PzqP5IkpLhlSdZLh7jwPn,WagakkiBand,Japan,1L2CbnBS9C8uNMbS6GSHer,六兆年と一夜物語,2014-04,j-rock,44.0,False,235413,0.11,0.505,0.96,0.085,B,0.0787,-2.105,Minor,0.133,91.913,0.811
3PzqP5IkpLhlSdZLh7jwPn,WagakkiBand,Japan,21J7iTRQDBVfq6wM3ZHGhV,千本桜,2014-04,j-rock,40.0,False,270307,0.0141,0.577,0.972,0.00196,C,0.17,-4.031,Major,0.0799,153.025,0.656
3PzqP5IkpLhlSdZLh7jwPn,WagakkiBand,Japan,7lxmd7qBFxb1gbd4AXs5nf,天樂,2014-04,j-rock,39.0,False,307200,0.138,0.543,0.966,4.18e-05,A,0.133,-1.687,Minor,0.124,115.958,0.355
3PzqP5IkpLhlSdZLh7jwPn,WagakkiBand,Japan,7unQtzPgtmZXSBzg0Aj8YT,細雪,2018-04,j-rock,37.0,False,237840,0.0012,0.338,0.941,0.0,D,0.342,-2.647,Minor,0.156,179.978,0.466
3PzqP5IkpLhlSdZLh7jwPn,WagakkiBand,Japan,1I5WMX1QGoT43r8z9VhveF,Valkyrie - 戦乙女,2017-03,j-rock,36.0,False,259267,0.00319,0.503,0.923,0.0,G,0.0711,-5.244,Major,0.108,97.525,0.574
3PzqP5IkpLhlSdZLh7jwPn,WagakkiBand,Japan,2W6FUSnZnxTTIS9wNYor6N,起死回生,2017-03,j-rock,36.0,False,249360,0.0149,0.544,0.975,6.12e-05,B,0.0947,-3.699,Minor,0.0939,94.949,0.562
3PzqP5IkpLhlSdZLh7jwPn,WagakkiBand,Japan,2j9qJWIm3Esfl4SeL3klSW,戦-ikusa-,2015-09,j-rock,35.0,False,219707,0.0274,0.469,0.979,0.00316,G#,0.0975,-1.091,Major,0.067,97.932,0.458
3PzqP5IkpLhlSdZLh7jwPn,WagakkiBand,Japan,032BHbzqmtBi4P5swU0YFd,星月夜,2015-09,j-rock,33.0,False,258640,0.094,0.455,0.978,0.000239,D,0.273,-1.861,Minor,0.195,159.987,0.638
3PzqP5IkpLhlSdZLh7jwPn,WagakkiBand,Japan,38APb71mtO1yc02aiheUWW,あっぱれが正義。,2019-01,j-rock,33.0,False,231267,0.028,0.627,0.958,8.76e-06,F#,0.0397,-3.537,Major,0.0437,128.003,0.8
3PzqP5IkpLhlSdZLh7jwPn,WagakkiBand,Japan,3F4DRSsrYQEeAKRHt2Lg14,吉原ラメント,2014-04,j-rock,33.0,False,233280,0.173,0.552,0.916,0.000639,C,0.263,-2.519,Minor,0.0484,95.99,0.811
3PzqP5IkpLhlSdZLh7jwPn,WagakkiBand,Japan,228F5qKKFgZex7ZinBFlCT,脳漿炸裂ガール,2014-04,j-rock,31.0,False,192293,0.143,0.577,0.963,0.000127,C#,0.187,-2.635,Major,0.172,155.093,0.814
3PzqP5IkpLhlSdZLh7jwPn,WagakkiBand,Japan,7ydjzkY9iUItQ4LWT7FfMH,Valkyrie-戦乙女-,2016-06,j-rock,30.0,False,262640,0.00421,0.536,0.962,0.0,G,0.0787,-3.007,Major,0.11,97.524,0.65
3PzqP5IkpLhlSdZLh7jwPn,WagakkiBand,Japan,1pkaABwiCDfb8jmSnanJs6,虹色蝶々,2014-04,j-rock,30.0,False,300253,0.126,0.587,0.708,9.19e-05,D,0.353,-5.535,Minor,0.027,95.001,0.652
3PzqP5IkpLhlSdZLh7jwPn,WagakkiBand,Japan,54UBC79U4e6a0tudV8eHHI,「儚くも美しいのは」,2018-04,j-rock,29.0,False,228667,0.0038,0.491,0.966,0.0,E,0.452,-2.734,Minor,0.16,155.023,0.597
64tJ2EAv1R6UaZqc4iOCyj,YOASOBI,Japan,7ajpbW6tBpqUI9foCtwlLw,祝福,2022-10,j-pop,76.0,False,196235,0.0186,0.553,0.958,3.08e-05,E,0.297,-3.159,Minor,0.073,170.045,0.541
64tJ2EAv1R6UaZqc4iOCyj,YOASOBI,Japan,6MCjmGYlw6mQVWRFVgBRvB,夜に駆ける,2021-01,j-pop,75.0,False,258838,0.00299,0.663,0.871,1.8e-06,G#,0.337,-5.287,Major,0.03,130.025,0.826
64tJ2EAv1R6UaZqc4iOCyj,YOASOBI,Japan,3dPtXHP0oXQ4HCWHsOA9js,夜に駆ける,2019-12,j-pop,74.0,False,261013,0.00231,0.67,0.874,1.72e-05,G#,0.3,-5.221,Major,0.0305,130.041,0.789
64tJ2EAv1R6UaZqc4iOCyj,YOASOBI,Japan,1zd35Y44Blc1CwwVbW3Qnk,群青,2021-01,j-pop,74.0,False,248026,0.305,0.725,0.853,0.0,A#,0.115,-3.193,Major,0.0516,134.991,0.707
64tJ2EAv1R6UaZqc4iOCyj,YOASOBI,Japan,06XQvnJb53SUYmlWIhUXUi,怪物,2021-01,j-pop,71.0,False,206000,0.0699,0.627,0.824,6.57e-05,C#,0.31,-3.419,Major,0.118,169.935,0.774
64tJ2EAv1R6UaZqc4iOCyj,YOASOBI,Japan,398dL22bDbKbAmiOnPaq7o,たぶん,2021-01,j-pop,68.0,False,256773,0.157,0.748,0.661,0.00102,F,0.101,-6.702,Major,0.0334,90.003,0.743
64tJ2EAv1R6UaZqc4iOCyj,YOASOBI,Japan,7537JfhvVpEqkrY2CIY7zu,好きだ,2022-05,j-pop,67.0,False,217512,0.174,0.771,0.935,1.06e-06,E,0.404,-3.366,Minor,0.0327,120.032,0.86
64tJ2EAv1R6UaZqc4iOCyj,YOASOBI,Japan,62Lv9WcrfzJqhvYDbilJy3,たぶん,2020-07,j-pop,66.0,False,258666,0.146,0.747,0.666,0.000912,F,0.0981,-6.395,Major,0.0324,90.008,0.731
64tJ2EAv1R6UaZqc4iOCyj,YOASOBI,Japan,0T4AitQuq8IJhWBWuZwkFA,群青,2020-09,j-pop,66.0,False,248444,0.321,0.719,0.87,0.0,A#,0.187,-3.073,Major,0.0472,134.979,0.732
64tJ2EAv1R6UaZqc4iOCyj,YOASOBI,Japan,465JzFiajJO59sUrDFsxdC,アンコール,2021-01,j-pop,66.0,False,271440,0.283,0.682,0.669,1e-06,D,0.145,-4.741,Major,0.0275,81.999,0.831
64tJ2EAv1R6UaZqc4iOCyj,YOASOBI,Japan,2vjY3jGKElvqXoaGNEuYef,怪物,2021-12,j-pop,65.0,False,205480,0.0655,0.598,0.847,9.92e-05,C#,0.307,-2.54,Major,0.205,169.959,0.728
64tJ2EAv1R6UaZqc4iOCyj,YOASOBI,Japan,4BE1OloRc9xwjyqA4wFFuN,あの夢をなぞって,2020-01,j-pop,65.0,False,242666,0.217,0.537,0.793,0.000361,G#,0.143,-3.446,Major,0.04,180.029,0.73
64tJ2EAv1R6UaZqc4iOCyj,YOASOBI,Japan,5ptl2PXkiSth54HCuGO7vN,あの夢をなぞって,2021-01,j-pop,65.0,False,240746,0.334,0.534,0.794,0.00093,G#,0.159,-3.738,Major,0.0402,179.976,0.711
64tJ2EAv1R6UaZqc4iOCyj,YOASOBI,Japan,2YbNZLoiREBYZo4HeKB8Np,ミスター,2022-02,j-pop,65.0,False,187000,0.0674,0.732,0.933,3.67e-05,C#,0.202,-3.51,Minor,0.0548,119.971,0.611
64tJ2EAv1R6UaZqc4iOCyj,YOASOBI,Japan,19fhOFi6pNGeZe5uiFlm7c,優しい彗星,2021-01,j-pop,64.0,False,215333,0.197,0.715,0.722,0.0,F,0.114,-4.62,Major,0.0348,89.995,0.522
